Country,State/Province
Afghanistan,Badakhshan
Afghanistan,Baghlan
Afghanistan,Balkh
Afghanistan,Badghis
Afghanistan,Bamyan
Afghanistan,Daykundi
Afghanistan,Farah
Afghanistan,Faryab
Afghanistan,Ghazni
Afghanistan,Ghor
Afghanistan,Helmand
Afghanistan,Herat
Afghanistan,Jowzjan
Afghanistan,Kandahar
Afghanistan,Khost
Afghanistan,Kunar
Afghanistan,Kunduz
Afghanistan,Kabul
Afghanistan,Kapisa
Afghanistan,Laghman
Afghanistan,Logar
Afghanistan,Nangarhar
Afghanistan,Nimroz
Afghanistan,Nuristan
Afghanistan,Paktiya
Afghanistan,Paktika
Afghanistan,Panjshayr
Afghanistan,Parwan
Afghanistan,Samangan
Afghanistan,Sar-e Pul
Afghanistan,Takhar
Afghanistan,Uruzgan
Afghanistan,Wardak
Afghanistan,Zabul
Albania,Berat
Albania,Berat
Albania,Bulqize
Albania,Delvine
Albania,Devoll
Albania,Diber
Albania,Diber
Albania,Durres
Albania,Durres
Albania,Elbasan
Albania,Elbasan
Albania,Fier
Albania,Fier
Albania,Gjirokaster
Albania,Gjirokaster
Albania,Gramsh
Albania,Has
Albania,Kavaje
Albania,Kolonje
Albania,Korce
Albania,Korce
Albania,Kruje
Albania,Kukes
Albania,Kukes
Albania,Kurbin
Albania,Kucove
Albania,Lezhe
Albania,Lezhe
Albania,Librazhd
Albania,Lushnje
Albania,Mallakaster
Albania,Malesi e Madhe
Albania,Mat
Albania,Mirdite
Albania,Peqin
Albania,Pogradec
Albania,Puke
Albania,Permet
Albania,Sarande
Albania,Shkoder
Albania,Shkoder
Albania,Skrapar
Albania,Tepelene
Albania,Tirane
Albania,Tirane
Albania,Tropoje
Albania,Vlore
Albania,Vlore
Algeria,Adrar
Algeria,Alger
Algeria,Annaba
Algeria,Ain Defla
Algeria,Ain Temouchent
Algeria,Batna
Algeria,Biskra
Algeria,Blida
Algeria,Bordj Bou Arreridj
Algeria,Bouira
Algeria,Boumerdes
Algeria,Bechar
Algeria,Bejaia
Algeria,Chlef
Algeria,Constantine
Algeria,Djelfa
Algeria,El Bayadh
Algeria,El Oued
Algeria,El Tarf
Algeria,Ghardaia
Algeria,Guelma
Algeria,Illizi
Algeria,Jijel
Algeria,Khenchela
Algeria,Laghouat
Algeria,Mascara
Algeria,Mila
Algeria,Mostaganem
Algeria,Msila
Algeria,Medea
Algeria,Naama
Algeria,Oran
Algeria,Ouargla
Algeria,Oum el Bouaghi
Algeria,Relizane
Algeria,Saida
Algeria,Sidi Bel Abbes
Algeria,Skikda
Algeria,Souk Ahras
Algeria,Setif
Algeria,Tamanghasset
Algeria,Tiaret
Algeria,Tindouf
Algeria,Tipaza
Algeria,Tissemsilt
Algeria,Tizi Ouzou
Algeria,Tlemcen
Algeria,Tebessa
American Samoa,
Andorra,Andorra la Vella
Andorra,Canillo
Andorra,Encamp
Andorra,Escaldes-Engordany
Andorra,La Massana
Andorra,Ordino
Andorra,Sant Julia de Loria
Angola,Bengo
Angola,Benguela
Angola,Bie
Angola,Cabinda
Angola,Cuando-Cubango
Angola,Cuanza Norte
Angola,Cuanza Sul
Angola,Cunene
Angola,Huambo
Angola,Huila
Angola,Luanda
Angola,Lunda Norte
Angola,Lunda Sul
Angola,Malange
Angola,Moxico
Angola,Namibe
Angola,Uige
Angola,Zaire
Anguilla,
Antarctica,
Antigua and Barbuda,Barbuda
Antigua and Barbuda,Redonda
Antigua and Barbuda,Saint George
Antigua and Barbuda,Saint John
Antigua and Barbuda,Saint Mary
Antigua and Barbuda,Saint Paul
Antigua and Barbuda,Saint Peter
Antigua and Barbuda,Saint Philip
Argentina,Buenos Aires
Argentina,Catamarca
Argentina,Chaco
Argentina,Chubut
Argentina,Ciudad Autonoma de Buenos Aires
Argentina,Cordoba
Argentina,Corrientes
Argentina,Entre Rios
Argentina,Formosa
Argentina,Jujuy
Argentina,La Pampa
Argentina,Mendoza
Argentina,Misiones
Argentina,Neuquen
Argentina,Rio Negro
Argentina,Salta
Argentina,San Juan
Argentina,San Luis
Argentina,Santa Cruz
Argentina,Santa Fe
Argentina,Santiago del Estero
Argentina,Tierra del Fuego
Argentina,Tucuman
Armenia,Aragacotn
Armenia,Ararat
Armenia,Armavir
Armenia,Erevan
Armenia,Gegarkunik
Armenia,Kotayk
Armenia,Lory
Armenia,Sirak
Armenia,Syunik
Armenia,Tavus
Armenia,Vayoc Jor
Aruba,
Australia,Australian Capital Territory
Australia,New South Wales
Australia,Northern Territory
Australia,Queensland
Australia,South Australia
Australia,Tasmania
Australia,Victoria
Australia,Western Australia
Austria,Burgenland
Austria,Karnten
Austria,Niederosterreich
Austria,Oberosterreich
Austria,Salzburg
Austria,Steiermark
Austria,Tirol
Austria,Vorarlberg
Austria,Wien
Azerbaijan,Abseron
Azerbaijan,Astara
Azerbaijan,Agcabdi
Azerbaijan,Agdam
Azerbaijan,Agdas
Azerbaijan,Agstafa
Azerbaijan,Agsu
Azerbaijan,Babk
Azerbaijan,Bak
Azerbaijan,Balakn
Azerbaijan,Beylqan
Azerbaijan,Bilsuvar
Azerbaijan,Brd
Azerbaijan,Culfa
Azerbaijan,Cbrayl
Azerbaijan,Clilabab
Azerbaijan,Dasksn
Azerbaijan,Fuzuli
Azerbaijan,Goranboy
Azerbaijan,Goygol
Azerbaijan,Goycay
Azerbaijan,Gdby
Azerbaijan,Gnc
Azerbaijan,Hacqabul
Azerbaijan,Kurdmir
Azerbaijan,Kngrli
Azerbaijan,Klbcr
Azerbaijan,Lacn
Azerbaijan,Lerik
Azerbaijan,Lnkran
Azerbaijan,Lnkran
Azerbaijan,Masall
Azerbaijan,Mingcevir
Azerbaijan,Naftalan
Azerbaijan,Naxcvan
Azerbaijan,Naxcvan
Azerbaijan,Neftcala
Azerbaijan,Ordubad
Azerbaijan,Oguz
Azerbaijan,Qax
Azerbaijan,Qazax
Azerbaijan,Qobustan
Azerbaijan,Quba
Azerbaijan,Qubadl
Azerbaijan,Qusar
Azerbaijan,Qbl
Azerbaijan,Saatl
Azerbaijan,Sabirabad
Azerbaijan,Salyan
Azerbaijan,Samux
Azerbaijan,Siyzn
Azerbaijan,Sumqayt
Azerbaijan,Sdrk
Azerbaijan,Tovuz
Azerbaijan,Trtr
Azerbaijan,Ucar
Azerbaijan,Xankndi
Azerbaijan,Xacmaz
Azerbaijan,Xocal
Azerbaijan,Xocavnd
Azerbaijan,Xz
Azerbaijan,Yardml
Azerbaijan,Yevlax
Azerbaijan,Yevlax
Azerbaijan,Zaqatala
Azerbaijan,Zngilan
Azerbaijan,Zrdab
Azerbaijan,Imisli
Azerbaijan,Ismayll
Azerbaijan,Sabran
Azerbaijan,Sahbuz
Azerbaijan,Samax
Azerbaijan,Sirvan
Azerbaijan,Susa
Azerbaijan,Ski
Azerbaijan,Ski
Azerbaijan,Smkir
Azerbaijan,Srur
Bahamas,Acklins
Bahamas,Berry Islands
Bahamas,Bimini
Bahamas,Black Point
Bahamas,Cat Island
Bahamas,Central Abaco
Bahamas,Central Andros
Bahamas,Central Eleuthera
Bahamas,City of Freeport
Bahamas,Crooked Island and Long Cay
Bahamas,East Grand Bahama
Bahamas,Exuma
Bahamas,Grand Cay
Bahamas,Harbour Island
Bahamas,Hope Town
Bahamas,Inagua
Bahamas,Long Island
Bahamas,Mangrove Cay
Bahamas,Mayaguana
Bahamas,Moore's Island
Bahamas,North Abaco
Bahamas,North Andros
Bahamas,North Eleuthera
Bahamas,Ragged Island
Bahamas,Rum Cay
Bahamas,San Salvador
Bahamas,South Abaco
Bahamas,South Andros
Bahamas,South Eleuthera
Bahamas,Spanish Wells
Bahamas,West Grand Bahama
Bahrain,Al Janubiyah
Bahrain,Al Manamah (Al Asimah)
Bahrain,Al Muharraq
Bahrain,Al Wusta
Bahrain,Ash Shamaliyah
Bangladesh,Bagerhat
Bangladesh,Bandarban
Bangladesh,Barguna
Bangladesh,Barisal
Bangladesh,Barisal
Bangladesh,Bhola
Bangladesh,Bogra
Bangladesh,Brahmanbaria
Bangladesh,Chandpur
Bangladesh,Chittagong
Bangladesh,Chittagong
Bangladesh,Chuadanga
Bangladesh,Comilla
Bangladesh,Cox's Bazar
Bangladesh,Dhaka
Bangladesh,Dhaka
Bangladesh,Dinajpur
Bangladesh,Faridpur
Bangladesh,Feni
Bangladesh,Gaibandha
Bangladesh,Gazipur
Bangladesh,Gopalganj
Bangladesh,Habiganj
Bangladesh,Jaipurhat
Bangladesh,Jamalpur
Bangladesh,Jessore
Bangladesh,Jhalakati
Bangladesh,Jhenaidah
Bangladesh,Khagrachari
Bangladesh,Khulna
Bangladesh,Khulna
Bangladesh,Kishorganj
Bangladesh,Kurigram
Bangladesh,Kushtia
Bangladesh,Lakshmipur
Bangladesh,Lalmonirhat
Bangladesh,Madaripur
Bangladesh,Magura
Bangladesh,Manikganj
Bangladesh,Meherpur
Bangladesh,Moulvibazar
Bangladesh,Munshiganj
Bangladesh,Mymensingh
Bangladesh,Naogaon
Bangladesh,Narail
Bangladesh,Narayanganj
Bangladesh,Narsingdi
Bangladesh,Natore
Bangladesh,Nawabganj
Bangladesh,Netrakona
Bangladesh,Nilphamari
Bangladesh,Noakhali
Bangladesh,Pabna
Bangladesh,Panchagarh
Bangladesh,Patuakhali
Bangladesh,Pirojpur
Bangladesh,Rajbari
Bangladesh,Rajshahi
Bangladesh,Rajshahi
Bangladesh,Rangamati
Bangladesh,Rangpur
Bangladesh,Rangpur
Bangladesh,Satkhira
Bangladesh,Shariatpur
Bangladesh,Sherpur
Bangladesh,Sirajganj
Bangladesh,Sunamganj
Bangladesh,Sylhet
Bangladesh,Sylhet
Bangladesh,Tangail
Bangladesh,Thakurgaon
Barbados,Christ Church
Barbados,Saint Andrew
Barbados,Saint George
Barbados,Saint James
Barbados,Saint John
Barbados,Saint Joseph
Barbados,Saint Lucy
Barbados,Saint Michael
Barbados,Saint Peter
Barbados,Saint Philip
Barbados,Saint Thomas
Belarus,Bresckaja voblasc
Belarus,Homielskaja voblasc
Belarus,Horad Minsk
Belarus,Hrodzienskaja voblasc
Belarus,Mahiliouskaja voblasc
Belarus,Minskaja voblasc
Belarus,Viciebskaja voblasc
Belgium,Antwerpen
Belgium,Brabant wallon
Belgium,"Bruxelles-Capitale, Region de;Brussels Hoofdstedelijk Gewest"
Belgium,Hainaut
Belgium,Limburg
Belgium,Liege
Belgium,Luxembourg
Belgium,Namur
Belgium,Oost-Vlaanderen
Belgium,Vlaams Gewest
Belgium,Vlaams-Brabant
Belgium,West-Vlaanderen
Belgium,"wallonne, Region"
Belize,Belize
Belize,Cayo
Belize,Corozal
Belize,Orange Walk
Belize,Stann Creek
Belize,Toledo
Benin,Alibori
Benin,Atakora
Benin,Atlantique
Benin,Borgou
Benin,Collines
Benin,Donga
Benin,Kouffo
Benin,Littoral
Benin,Mono
Benin,Oueme
Benin,Plateau
Benin,Zou
Bermuda,
Bhutan,Bumthang
Bhutan,Chhukha
Bhutan,Dagana
Bhutan,Gasa
Bhutan,Ha
Bhutan,Lhuentse
Bhutan,Monggar
Bhutan,Paro
Bhutan,Pemagatshel
Bhutan,Punakha
Bhutan,Samdrup Jongkha
Bhutan,Samtee
Bhutan,Sarpang
Bhutan,Thimphu
Bhutan,Trashi Yangtse
Bhutan,Trashigang
Bhutan,Trongsa
Bhutan,Tsirang
Bhutan,Wangdue Phodrang
Bhutan,Zhemgang
"Bolivia, Plurinational State of",Chuquisaca
"Bolivia, Plurinational State of",Cochabamba
"Bolivia, Plurinational State of",El Beni
"Bolivia, Plurinational State of",La Paz
"Bolivia, Plurinational State of",Oruro
"Bolivia, Plurinational State of",Pando
"Bolivia, Plurinational State of",Potosi
"Bolivia, Plurinational State of",Santa Cruz
"Bolivia, Plurinational State of",Tarija
"Bonaire, Sint Eustatius and Saba",Bonaire
"Bonaire, Sint Eustatius and Saba",Saba
"Bonaire, Sint Eustatius and Saba",Sint Eustatius
Bosnia and Herzegovina,Bosansko-podrinjski kanton
Bosnia and Herzegovina,Brcko distrikt
Bosnia and Herzegovina,Federacija Bosne i Hercegovine
Bosnia and Herzegovina,Hercegovacko-neretvanski kanton
Bosnia and Herzegovina,Kanton Sarajevo
Bosnia and Herzegovina,Kanton br. 10 (Livanjski kanton)
Bosnia and Herzegovina,Posavski kanton
Bosnia and Herzegovina,Republika Srpska
Bosnia and Herzegovina,Srednjobosanski kanton
Bosnia and Herzegovina,Tuzlanski kanton
Bosnia and Herzegovina,Unsko-sanski kanton
Bosnia and Herzegovina,Zapadnohercegovacki kanton
Bosnia and Herzegovina,Zenicko-dobojski kanton
Botswana,Central
Botswana,Ghanzi
Botswana,Kgalagadi
Botswana,Kgatleng
Botswana,Kweneng
Botswana,North-East
Botswana,North-West
Botswana,South-East
Botswana,Southern
Bouvet Island,
Brazil,Acre
Brazil,Alagoas
Brazil,Amapa
Brazil,Amazonas
Brazil,Bahia
Brazil,Ceara
Brazil,Distrito Federal
Brazil,Espirito Santo
Brazil,Fernando de Noronha
Brazil,Goias
Brazil,Maranhao
Brazil,Mato Grosso
Brazil,Mato Grosso do Sul
Brazil,Minas Gerais
Brazil,Parana
Brazil,Paraiba
Brazil,Para
Brazil,Pernambuco
Brazil,Piaui
Brazil,Rio Grande do Norte
Brazil,Rio Grande do Sul
Brazil,Rio de Janeiro
Brazil,Rondonia
Brazil,Roraima
Brazil,Santa Catarina
Brazil,Sergipe
Brazil,Sao Paulo
Brazil,Tocantins
British Indian Ocean Territory,
Brunei Darussalam,Belait
Brunei Darussalam,Brunei-Muara
Brunei Darussalam,Temburong
Brunei Darussalam,Tutong
Bulgaria,Blagoevgrad
Bulgaria,Burgas
Bulgaria,Dobrich
Bulgaria,Gabrovo
Bulgaria,Haskovo
Bulgaria,Kardzhali
Bulgaria,Kyustendil
Bulgaria,Lovech
Bulgaria,Montana
Bulgaria,Pazardzhik
Bulgaria,Pernik
Bulgaria,Pleven
Bulgaria,Plovdiv
Bulgaria,Razgrad
Bulgaria,Ruse
Bulgaria,Shumen
Bulgaria,Silistra
Bulgaria,Sliven
Bulgaria,Smolyan
Bulgaria,Sofia
Bulgaria,Sofia-Grad
Bulgaria,Stara Zagora
Bulgaria,Targovishte
Bulgaria,Varna
Bulgaria,Veliko Tarnovo
Bulgaria,Vidin
Bulgaria,Vratsa
Bulgaria,Yambol
Burkina Faso,Bale
Burkina Faso,Bam
Burkina Faso,Banwa
Burkina Faso,Bazega
Burkina Faso,Boucle du Mouhoun
Burkina Faso,Bougouriba
Burkina Faso,Boulgou
Burkina Faso,Boulkiemde
Burkina Faso,Cascades
Burkina Faso,Centre
Burkina Faso,Centre-Est
Burkina Faso,Centre-Nord
Burkina Faso,Centre-Ouest
Burkina Faso,Centre-Sud
Burkina Faso,Comoe
Burkina Faso,Est
Burkina Faso,Ganzourgou
Burkina Faso,Gnagna
Burkina Faso,Gourma
Burkina Faso,Hauts-Bassins
Burkina Faso,Houet
Burkina Faso,Ioba
Burkina Faso,Kadiogo
Burkina Faso,Komondjari
Burkina Faso,Kompienga
Burkina Faso,Kossi
Burkina Faso,Koulpelogo
Burkina Faso,Kouritenga
Burkina Faso,Kourweogo
Burkina Faso,Kenedougou
Burkina Faso,Loroum
Burkina Faso,Leraba
Burkina Faso,Mouhoun
Burkina Faso,Namentenga
Burkina Faso,Naouri
Burkina Faso,Nayala
Burkina Faso,Nord
Burkina Faso,Noumbiel
Burkina Faso,Oubritenga
Burkina Faso,Oudalan
Burkina Faso,Passore
Burkina Faso,Plateau-Central
Burkina Faso,Poni
Burkina Faso,Sahel
Burkina Faso,Sanguie
Burkina Faso,Sanmatenga
Burkina Faso,Sissili
Burkina Faso,Soum
Burkina Faso,Sourou
Burkina Faso,Sud-Ouest
Burkina Faso,Seno
Burkina Faso,Tapoa
Burkina Faso,Tui
Burkina Faso,Yagha
Burkina Faso,Yatenga
Burkina Faso,Ziro
Burkina Faso,Zondoma
Burkina Faso,Zoundweogo
Burundi,Bubanza
Burundi,Bujumbura Mairie
Burundi,Bujumbura Rural
Burundi,Bururi
Burundi,Cankuzo
Burundi,Cibitoke
Burundi,Gitega
Burundi,Karuzi
Burundi,Kayanza
Burundi,Kirundo
Burundi,Makamba
Burundi,Muramvya
Burundi,Mwaro
Burundi,Ngozi
Burundi,Rutana
Burundi,Ruyigi
Cabo Verde,Boa Vista
Cabo Verde,Brava
Cabo Verde,Ilhas de Barlavento
Cabo Verde,Ilhas de Sotavento
Cabo Verde,Maio
Cabo Verde,Mosteiros
Cabo Verde,Paul
Cabo Verde,Porto Novo
Cabo Verde,Praia
Cabo Verde,Ribeira Brava
Cabo Verde,Ribeira Grande
Cabo Verde,Ribeira Grande de Santiago
Cabo Verde,Sal
Cabo Verde,Santa Catarina
Cabo Verde,Santa Catarina de Fogo
Cabo Verde,Santa Cruz
Cabo Verde,Sao Domingos
Cabo Verde,Sao Filipe
Cabo Verde,Sao Lourenco dos Orgaos
Cabo Verde,Sao Miguel
Cabo Verde,Sao Salvador do Mundo
Cabo Verde,Sao Vicente
Cabo Verde,Tarrafal
Cabo Verde,Tarrafal de Sao Nicolau
Cambodia,Banteay Mean Chey
Cambodia,Battambang
Cambodia,Kach Kong
Cambodia,Kampong Cham
Cambodia,Kampong Chhnang
Cambodia,Kampong Speu
Cambodia,Kampong Thom
Cambodia,Kampot
Cambodia,Kandal
Cambodia,Krachoh
Cambodia,Krong Kaeb
Cambodia,Krong Pailin
Cambodia,Krong Preah Sihanouk
Cambodia,Mondol Kiri
Cambodia,Otdar Mean Chey
Cambodia,Phnom Penh
Cambodia,Pousaat
Cambodia,Preah Vihear
Cambodia,Prey Veaeng
Cambodia,Rotanak Kiri
Cambodia,Siem Reab
Cambodia,Stueng Traeng
Cambodia,Svaay Rieng
Cambodia,Taakaev
Cameroon,Adamaoua
Cameroon,Centre
Cameroon,East
Cameroon,Far North
Cameroon,Littoral
Cameroon,North
Cameroon,North-West (Cameroon)
Cameroon,South
Cameroon,South-West
Cameroon,West
Canada,Alberta
Canada,British Columbia
Canada,Manitoba
Canada,New Brunswick
Canada,Newfoundland and Labrador
Canada,Northwest Territories
Canada,Nova Scotia
Canada,Nunavut
Canada,Ontario
Canada,Prince Edward Island
Canada,Quebec
Canada,Saskatchewan
Canada,Yukon Territory
Cayman Islands,
Central African Republic,Bamingui-Bangoran
Central African Republic,Bangui
Central African Republic,Basse-Kotto
Central African Republic,Gribingui
Central African Republic,Haut-Mbomou
Central African Republic,Haute-Kotto
Central African Republic,Haute-Sangha / Mambere-Kadei
Central African Republic,Kemo-Gribingui
Central African Republic,Lobaye
Central African Republic,Mbomou
Central African Republic,Nana-Mambere
Central African Republic,Ombella-M'poko
Central African Republic,Ouaka
Central African Republic,Ouham
Central African Republic,Ouham-Pende
Central African Republic,Sangha
Central African Republic,Vakaga
Chad,Al Bathah
Chad,Al Buhayrah
Chad,Bahr al Ghazal
Chad,Burku
Chad,Innidi
Chad,Kanim
Chad,Luqun al Gharbi
Chad,Luqun ash Sharqi
Chad,Madinat Injamina
Chad,Mandul
Chad,Mayu Kibbi al Gharbi
Chad,Mayu Kibbi ash Sharqi
Chad,Qira
Chad,Salamat
Chad,Shari Baqirmi
Chad,Shari al Awsat
Chad,Sila
Chad,Tibasti
Chad,Tanjili
Chad,Wadday
Chad,Wadi Fira
Chad,Hajjar Lamis
Chile,Aisen del General Carlos Ibanez del Campo
Chile,Antofagasta
Chile,Araucania
Chile,Arica y Parinacota
Chile,Atacama
Chile,Bio-Bio
Chile,Coquimbo
Chile,Libertador General Bernardo O'Higgins
Chile,Los Lagos
Chile,Los Rios
Chile,Magallanes y Antartica Chilena
Chile,Maule
Chile,Region Metropolitana de Santiago
Chile,Tarapaca
Chile,Valparaiso
China,Anhui Sheng
China,Beijing Shi
China,Chongqing Shi
China,Fujian Sheng
China,Gansu Sheng
China,Guangdong Sheng
China,Guangxi Zhuangzu Zizhiqu
China,Guizhou Sheng
China,Hainan Sheng
China,Hebei Sheng
China,Heilongjiang Sheng
China,Henan Sheng
China,Hong Kong SAR (see also separate country code entry under HK)
China,Hubei Sheng
China,Hunan Sheng
China,Jiangsu Sheng
China,Jiangxi Sheng
China,Jilin Sheng
China,Liaoning Sheng
China,Macao SAR (see also separate country code entry under MO)
China,Nei Mongol Zizhiqu
China,Ningxia Huizi Zizhiqu
China,Qinghai Sheng
China,Shaanxi Sheng
China,Shandong Sheng
China,Shanghai Shi
China,Shanxi Sheng
China,Sichuan Sheng
China,Taiwan Sheng (see also separate country code entry under TW)
China,Tianjin Shi
China,Xinjiang Uygur Zizhiqu
China,Xizang Zizhiqu
China,Yunnan Sheng
China,Zhejiang Sheng
Christmas Island,
Cocos (Keeling) Islands,
Colombia,Amazonas
Colombia,Antioquia
Colombia,Arauca
Colombia,Atlantico
Colombia,Bolivar
Colombia,Boyaca
Colombia,Caldas
Colombia,Caqueta
Colombia,Casanare
Colombia,Cauca
Colombia,Cesar
Colombia,Choco
Colombia,Cundinamarca
Colombia,Cordoba
Colombia,Distrito Capital de Bogota
Colombia,Guainia
Colombia,Guaviare
Colombia,Huila
Colombia,La Guajira
Colombia,Magdalena
Colombia,Meta
Colombia,Narino
Colombia,Norte de Santander
Colombia,Putumayo
Colombia,Quindio
Colombia,Risaralda
Colombia,"San Andres, Providencia y Santa Catalina"
Colombia,Santander
Colombia,Sucre
Colombia,Tolima
Colombia,Valle del Cauca
Colombia,Vaupes
Colombia,Vichada
Comoros,Andjazidja (Anjazijah)
Comoros,Andjouan (Anjwan)
Comoros,Mouhili (Muhili)
Congo,Bouenza
Congo,Brazzaville
Congo,Cuvette
Congo,Cuvette-Ouest
Congo,Kouilou
Congo,Likouala
Congo,Lekoumou
Congo,Niari
Congo,Plateaux
Congo,Pool
Congo,Sangha
"Congo, The Democratic Republic of the",Bandundu
"Congo, The Democratic Republic of the",Bas-Congo
"Congo, The Democratic Republic of the",Kasai-Occidental
"Congo, The Democratic Republic of the",Kasai-Oriental
"Congo, The Democratic Republic of the",Katanga
"Congo, The Democratic Republic of the",Kinshasa
"Congo, The Democratic Republic of the",Maniema
"Congo, The Democratic Republic of the",Nord-Kivu
"Congo, The Democratic Republic of the",Orientale
"Congo, The Democratic Republic of the",Sud-Kivu
"Congo, The Democratic Republic of the",Equateur
Cook Islands,
Costa Rica,Alajuela
Costa Rica,Cartago
Costa Rica,Guanacaste
Costa Rica,Heredia
Costa Rica,Limon
Costa Rica,Puntarenas
Costa Rica,San Jose
Croatia,Bjelovarsko-bilogorska zupanija
Croatia,Brodsko-posavska zupanija
Croatia,Dubrovacko-neretvanska zupanija
Croatia,Grad Zagreb
Croatia,Istarska zupanija
Croatia,Karlovacka zupanija
Croatia,Koprivnicko-krizevacka zupanija
Croatia,Krapinsko-zagorska zupanija
Croatia,Licko-senjska zupanija
Croatia,Meimurska zupanija
Croatia,Osjecko-baranjska zupanija
Croatia,Pozesko-slavonska zupanija
Croatia,Primorsko-goranska zupanija
Croatia,Sisacko-moslavacka zupanija
Croatia,Splitsko-dalmatinska zupanija
Croatia,Varazdinska zupanija
Croatia,Viroviticko-podravska zupanija
Croatia,Vukovarsko-srijemska zupanija
Croatia,Zadarska zupanija
Croatia,Zagrebacka zupanija
Croatia,Sibensko-kninska zupanija
Cuba,Camaguey
Cuba,Ciego de Avila
Cuba,Cienfuegos
Cuba,Ciudad de La Habana
Cuba,Granma
Cuba,Guantanamo
Cuba,Holguin
Cuba,Isla de la Juventud
Cuba,La Habana
Cuba,Las Tunas
Cuba,Matanzas
Cuba,Pinar del Rio
Cuba,Sancti Spiritus
Cuba,Santiago de Cuba
Cuba,Villa Clara
Curacao,
Cyprus,Ammochostos
Cyprus,Keryneia
Cyprus,Lefkosia
Cyprus,Lemesos
Cyprus,Larnaka
Cyprus,Pafos
Czechia,Benesov
Czechia,Beroun
Czechia,Blansko
Czechia,Brno-mesto
Czechia,Brno-venkov
Czechia,Bruntal
Czechia,Breclav
Czechia,Cheb
Czechia,Chomutov
Czechia,Chrudim
Czechia,Domazlice
Czechia,Decin
Czechia,Frydek Mistek
Czechia,Havlickuv Brod
Czechia,Hodonin
Czechia,Hradec Kralove
Czechia,Jablonec nad Nisou
Czechia,Jesenik
Czechia,Jihlava
Czechia,Jihomoravsky kraj
Czechia,Jihocesky kraj
Czechia,Jindrichuv Hradec
Czechia,Jicin
Czechia,Karlovarsky kraj
Czechia,Karlovy Vary
Czechia,Karvina
Czechia,Kladno
Czechia,Klatovy
Czechia,Kolin
Czechia,Kraj Vysocina
Czechia,Kromeriz
Czechia,Kralovehradecky kraj
Czechia,Kutna Hora
Czechia,Liberec
Czechia,Liberecky kraj
Czechia,Litomerice
Czechia,Louny
Czechia,Mlada Boleslav
Czechia,Moravskoslezsky kraj
Czechia,Most
Czechia,Melnik
Czechia,Novy Jicin
Czechia,Nymburk
Czechia,Nachod
Czechia,Olomouc
Czechia,Olomoucky kraj
Czechia,Opava
Czechia,Ostrava-mesto
Czechia,Pardubice
Czechia,Pardubicky kraj
Czechia,Pelhrimov
Czechia,Plzen-jih
Czechia,Plzen-mesto
Czechia,Plzen-sever
Czechia,Plzensky kraj
Czechia,Prachatice
Czechia,Praha 1
Czechia,Praha 10
Czechia,Praha 11
Czechia,Praha 12
Czechia,Praha 13
Czechia,Praha 14
Czechia,Praha 15
Czechia,Praha 16
Czechia,Praha 17
Czechia,Praha 18
Czechia,Praha 19
Czechia,Praha 2
Czechia,Praha 20
Czechia,Praha 21
Czechia,Praha 22
Czechia,Praha 3
Czechia,Praha 4
Czechia,Praha 5
Czechia,Praha 6
Czechia,Praha 7
Czechia,Praha 8
Czechia,Praha 9
Czechia,"Praha, Hlavni mesto"
Czechia,Praha-vychod
Czechia,Praha-zapad
Czechia,Prostejov
Czechia,Pisek
Czechia,Prerov
Czechia,Pribram
Czechia,Rakovnik
Czechia,Rokycany
Czechia,Rychnov nad Kneznou
Czechia,Semily
Czechia,Sokolov
Czechia,Strakonice
Czechia,Stredocesky kraj
Czechia,Svitavy
Czechia,Tachov
Czechia,Teplice
Czechia,Trutnov
Czechia,Tabor
Czechia,Trebic
Czechia,Uherske Hradiste
Czechia,Vsetin
Czechia,Vyskov
Czechia,Zlin
Czechia,Zlinsky kraj
Czechia,Znojmo
Czechia,Ustecky kraj
Czechia,Usti nad Labem
Czechia,Usti nad Orlici
Czechia,Ceska Lipa
Czechia,Ceske Budejovice
Czechia,Cesky Krumlov
Czechia,Sumperk
Czechia,Zdar nad Sazavou
Cote d'Ivoire,18 Montagnes (Region des)
Cote d'Ivoire,Agnebi (Region de l')
Cote d'Ivoire,Bafing (Region du)
Cote d'Ivoire,Bas-Sassandra (Region du)
Cote d'Ivoire,Denguele (Region du)
Cote d'Ivoire,Fromager (Region du)
Cote d'Ivoire,Haut-Sassandra (Region du)
Cote d'Ivoire,Lacs (Region des)
Cote d'Ivoire,Lagunes (Region des)
Cote d'Ivoire,Marahoue (Region de la)
Cote d'Ivoire,Moyen-Cavally (Region du)
Cote d'Ivoire,Moyen-Comoe (Region du)
Cote d'Ivoire,Nzi-Comoe (Region)
Cote d'Ivoire,Savanes (Region des)
Cote d'Ivoire,Sud-Bandama (Region du)
Cote d'Ivoire,Sud-Comoe (Region du)
Cote d'Ivoire,Vallee du Bandama (Region de la)
Cote d'Ivoire,Worodouqou (Region du)
Cote d'Ivoire,Zanzan (Region du)
Denmark,Hovedstaden
Denmark,Midtjylland
Denmark,Nordjylland
Denmark,Sjlland
Denmark,Syddanmark
Djibouti,Ali Sabieh
Djibouti,Arta
Djibouti,Dikhil
Djibouti,Djibouti
Djibouti,Obock
Djibouti,Tadjourah
Dominica,Saint Andrew
Dominica,Saint David
Dominica,Saint George
Dominica,Saint John
Dominica,Saint Joseph
Dominica,Saint Luke
Dominica,Saint Mark
Dominica,Saint Patrick
Dominica,Saint Paul
Dominica,Saint Peter
Dominican Republic,Azua
Dominican Republic,Bahoruco
Dominican Republic,Barahona
Dominican Republic,Dajabon
Dominican Republic,Distrito Nacional (Santo Domingo)
Dominican Republic,Duarte
Dominican Republic,El Seybo [El Seibo]
Dominican Republic,Espaillat
Dominican Republic,Hato Mayor
Dominican Republic,Independencia
Dominican Republic,La Altagracia
Dominican Republic,La Estrelleta [Elias Pina]
Dominican Republic,La Romana
Dominican Republic,La Vega
Dominican Republic,Maria Trinidad Sanchez
Dominican Republic,Monsenor Nouel
Dominican Republic,Monte Cristi
Dominican Republic,Monte Plata
Dominican Republic,Pedernales
Dominican Republic,Peravia
Dominican Republic,Puerto Plata
Dominican Republic,Salcedo
Dominican Republic,Samana
Dominican Republic,San Cristobal
Dominican Republic,San Juan
Dominican Republic,San Pedro de Macoris
Dominican Republic,Santiago
Dominican Republic,Santiago Rodriguez
Dominican Republic,Sanchez Ramirez
Dominican Republic,Valverde
Ecuador,Azuay
Ecuador,Bolivar
Ecuador,Carchi
Ecuador,Canar
Ecuador,Chimborazo
Ecuador,Cotopaxi
Ecuador,El Oro
Ecuador,Esmeraldas
Ecuador,Galapagos
Ecuador,Guayas
Ecuador,Imbabura
Ecuador,Loja
Ecuador,Los Rios
Ecuador,Manabi
Ecuador,Morona-Santiago
Ecuador,Napo
Ecuador,Orellana
Ecuador,Pastaza
Ecuador,Pichincha
Ecuador,Santa Elena
Ecuador,Santo Domingo de los Tsachilas
Ecuador,Sucumbios
Ecuador,Tungurahua
Ecuador,Zamora-Chinchipe
Egypt,Ad Daqahliyah
Egypt,Al Bahr al Ahmar
Egypt,Al Buhayrah
Egypt,Al Fayyum
Egypt,Al Gharbiyah
Egypt,Al Iskandariyah
Egypt,Al Isma`iliyah
Egypt,Al Jizah
Egypt,Al Minya
Egypt,Al Minufiyah
Egypt,Al Qalyubiyah
Egypt,Al Qahirah
Egypt,Al Wadi al Jadid
Egypt,As Suways
Egypt,As Sadis min Uktubar
Egypt,Ash Sharqiyah
Egypt,Aswan
Egypt,Asyut
Egypt,Bani Suwayf
Egypt,Bur Sa`id
Egypt,Dumyat
Egypt,Hulwan
Egypt,Janub Sina
Egypt,Kafr ash Shaykh
Egypt,Matruh
Egypt,Qina
Egypt,Shamal Sina
Egypt,Suhaj
El Salvador,Ahuachapan
El Salvador,Cabanas
El Salvador,Chalatenango
El Salvador,Cuscatlan
El Salvador,La Libertad
El Salvador,La Paz
El Salvador,La Union
El Salvador,Morazan
El Salvador,San Miguel
El Salvador,San Salvador
El Salvador,San Vicente
El Salvador,Santa Ana
El Salvador,Sonsonate
El Salvador,Usulutan
Equatorial Guinea,Annobon
Equatorial Guinea,Bioko Norte
Equatorial Guinea,Bioko Sur
Equatorial Guinea,Centro Sur
Equatorial Guinea,Kie-Ntem
Equatorial Guinea,Litoral
Equatorial Guinea,Region Continental
Equatorial Guinea,Region Insular
Equatorial Guinea,Wele-Nzas
Eritrea,Al Awsat
Eritrea,Al Janubi
Eritrea,Ansaba
Eritrea,Janubi al Bahri al Ahmar
Eritrea,Qash-Barkah
Eritrea,Shimali al Bahri al Ahmar
Estonia,Harjumaa
Estonia,Hiiumaa
Estonia,Ida-Virumaa
Estonia,Jarvamaa
Estonia,Jogevamaa
Estonia,Laane-Virumaa
Estonia,Laanemaa
Estonia,Parnumaa
Estonia,Polvamaa
Estonia,Raplamaa
Estonia,Saaremaa
Estonia,Tartumaa
Estonia,Valgamaa
Estonia,Viljandimaa
Estonia,Vorumaa
Eswatini,Hhohho
Eswatini,Lubombo
Eswatini,Manzini
Eswatini,Shiselweni
Ethiopia,Binshangul Gumuz
Ethiopia,Dire Dawa
Ethiopia,Gambela Hizboch
Ethiopia,Hareri Hizb
Ethiopia,Oromiya
Ethiopia,Sumale
Ethiopia,Tigray
Ethiopia,YeDebub Biheroch Bihereseboch na Hizboch
Ethiopia,Adis Abeba
Ethiopia,Afar
Ethiopia,Amara
Falkland Islands (Malvinas),
Faroe Islands,
Fiji,Central
Fiji,Eastern
Fiji,Northern
Fiji,Rotuma
Fiji,Western
Finland,Ahvenanmaan maakunta
Finland,Etela-Karjala
Finland,Etela-Pohjanmaa
Finland,Etela-Savo
Finland,Kainuu
Finland,Kanta-Hame
Finland,Keski-Pohjanmaa
Finland,Keski-Suomi
Finland,Kymenlaakso
Finland,Lappi
Finland,Pirkanmaa
Finland,Pohjanmaa
Finland,Pohjois-Karjala
Finland,Pohjois-Pohjanmaa
Finland,Pohjois-Savo
Finland,Paijat-Hame
Finland,Satakunta
Finland,Uusimaa
Finland,Varsinais-Suomi
France,Ain
France,Aisne
France,Allier
France,Alpes-Maritimes
France,Alpes-de-Haute-Provence
France,Ardennes
France,Ardeche
France,Ariege
France,Aube
France,Aude
France,Auvergne-Rhone-Alpes
France,Aveyron
France,Bas-Rhin
France,Bouches-du-Rhone
France,Bourgogne-Franche-Comte
France,Bretagne
France,Calvados
France,Cantal
France,Centre-Val de Loire
France,Charente
France,Charente-Maritime
France,Cher
France,Clipperton
France,Correze
France,Corse
France,Corse-du-Sud
France,Creuse
France,Cote-d'Or
France,Cotes-d'Armor
France,Deux-Sevres
France,Dordogne
France,Doubs
France,Drome
France,Essonne
France,Eure
France,Eure-et-Loir
France,Finistere
France,Gard
France,Gers
France,Gironde
France,Grand-Est
France,Guadeloupe
France,Guadeloupe
France,Guyane (francaise)
France,Haut-Rhin
France,Haute-Corse
France,Haute-Garonne
France,Haute-Loire
France,Haute-Marne
France,Haute-Savoie
France,Haute-Saone
France,Haute-Vienne
France,Hautes-Alpes
France,Hautes-Pyrenees
France,Hauts-de-France
France,Hauts-de-Seine
France,Herault
France,Ille-et-Vilaine
France,Indre
France,Indre-et-Loire
France,Isere
France,Jura
France,La Reunion
France,La Reunion
France,Landes
France,Loir-et-Cher
France,Loire
France,Loire-Atlantique
France,Loiret
France,Lot
France,Lot-et-Garonne
France,Lozere
France,Maine-et-Loire
France,Manche
France,Marne
France,Martinique
France,Mayenne
France,Mayotte
France,Mayotte
France,Meurthe-et-Moselle
France,Meuse
France,Morbihan
France,Moselle
France,Nievre
France,Nord
France,Normandie
France,Nouvelle-Aquitaine
France,Nouvelle-Caledonie
France,Occitanie
France,Oise
France,Orne
France,Paris
France,Pas-de-Calais
France,Pays-de-la-Loire
France,Polynesie francaise
France,Provence-Alpes-Cote-dAzur
France,Puy-de-Dome
France,Pyrenees-Atlantiques
France,Pyrenees-Orientales
France,Rhone
France,Saint-Barthelemy
France,Saint-Martin
France,Saint-Pierre-et-Miquelon
France,Sarthe
France,Savoie
France,Saone-et-Loire
France,Seine-Maritime
France,Seine-Saint-Denis
France,Seine-et-Marne
France,Somme
France,Tarn
France,Tarn-et-Garonne
France,Terres australes francaises
France,Territoire de Belfort
France,Val-d'Oise
France,Val-de-Marne
France,Var
France,Vaucluse
France,Vendee
France,Vienne
France,Vosges
France,Wallis-et-Futuna
France,Yonne
France,Yvelines
France,Ile-de-France
French Guiana,
French Polynesia,
French Southern Territories,
Gabon,Estuaire
Gabon,Haut-Ogooue
Gabon,Moyen-Ogooue
Gabon,Ngounie
Gabon,Nyanga
Gabon,Ogooue-Ivindo
Gabon,Ogooue-Lolo
Gabon,Ogooue-Maritime
Gabon,Woleu-Ntem
Gambia,Banjul
Gambia,Central River
Gambia,Lower River
Gambia,North Bank
Gambia,Upper River
Gambia,Western
Georgia,Abkhazia
Georgia,Ajaria
Georgia,Guria
Georgia,Imereti
Georgia,Kakheti
Georgia,Kvemo Kartli
Georgia,Mtskheta-Mtianeti
Georgia,Racha-Lechkhumi-Kvemo Svaneti
Georgia,Samegrelo-Zemo Svaneti
Georgia,Samtskhe-Javakheti
Georgia,Shida Kartli
Georgia,Tbilisi
Germany,Baden-Wurttemberg
Germany,Bayern
Germany,Berlin
Germany,Brandenburg
Germany,Bremen
Germany,Hamburg
Germany,Hessen
Germany,Mecklenburg-Vorpommern
Germany,Niedersachsen
Germany,Nordrhein-Westfalen
Germany,Rheinland-Pfalz
Germany,Saarland
Germany,Sachsen
Germany,Sachsen-Anhalt
Germany,Schleswig-Holstein
Germany,Thuringen
Ghana,Ashanti
Ghana,Brong-Ahafo
Ghana,Central
Ghana,Eastern
Ghana,Greater Accra
Ghana,Northern
Ghana,Upper East
Ghana,Upper West
Ghana,Volta
Ghana,Western
Gibraltar,
Greece,Achaia
Greece,Agio Oros
Greece,Aitolia kai Akarnania
Greece,Anatoliki Makedonia kai Thraki
Greece,Argolida
Greece,Arkadia
Greece,Arta
Greece,Attiki
Greece,Attiki
Greece,Chalkidiki
Greece,Chania
Greece,Chios
Greece,Dodekanisos
Greece,Drama
Greece,Dytiki Ellada
Greece,Dytiki Makedonia
Greece,Evros
Greece,Evrytania
Greece,Evvoias
Greece,Florina
Greece,Fokida
Greece,Fthiotida
Greece,Grevena
Greece,Ileia
Greece,Imathia
Greece,Ioannina
Greece,Ionia Nisia
Greece,Ipeiros
Greece,Irakleio
Greece,Karditsa
Greece,Kastoria
Greece,Kavala
Greece,Kefallonia
Greece,Kentriki Makedonia
Greece,Kerkyra
Greece,Kilkis
Greece,Korinthia
Greece,Kozani
Greece,Kriti
Greece,Kyklades
Greece,Lakonia
Greece,Larisa
Greece,Lasithi
Greece,Lefkada
Greece,Lesvos
Greece,Magnisia
Greece,Messinia
Greece,Notio Aigaio
Greece,Pella
Greece,Peloponnisos
Greece,Pieria
Greece,Preveza
Greece,Rethymno
Greece,Rodopi
Greece,Samos
Greece,Serres
Greece,Sterea Ellada
Greece,Thesprotia
Greece,Thessalia
Greece,Thessaloniki
Greece,Trikala
Greece,Voiotia
Greece,Voreio Aigaio
Greece,Xanthi
Greece,Zakynthos
Greenland,Kommune Kujalleq
Greenland,Kommuneqarfik Sermersooq
Greenland,Qaasuitsup Kommunia
Greenland,Qeqqata Kommunia
Grenada,Saint Andrew
Grenada,Saint David
Grenada,Saint George
Grenada,Saint John
Grenada,Saint Mark
Grenada,Saint Patrick
Grenada,Southern Grenadine Islands
Guadeloupe,
Guam,
Guatemala,Alta Verapaz
Guatemala,Baja Verapaz
Guatemala,Chimaltenango
Guatemala,Chiquimula
Guatemala,El Progreso
Guatemala,Escuintla
Guatemala,Guatemala
Guatemala,Huehuetenango
Guatemala,Izabal
Guatemala,Jalapa
Guatemala,Jutiapa
Guatemala,Peten
Guatemala,Quetzaltenango
Guatemala,Quiche
Guatemala,Retalhuleu
Guatemala,Sacatepequez
Guatemala,San Marcos
Guatemala,Santa Rosa
Guatemala,Solola
Guatemala,Suchitepequez
Guatemala,Totonicapan
Guatemala,Zacapa
Guernsey,
Guinea,Beyla
Guinea,Boffa
Guinea,Boke
Guinea,Boke
Guinea,Conakry
Guinea,Coyah
Guinea,Dabola
Guinea,Dalaba
Guinea,Dinguiraye
Guinea,Dubreka
Guinea,Faranah
Guinea,Faranah
Guinea,Forecariah
Guinea,Fria
Guinea,Gaoual
Guinea,Guekedou
Guinea,Kankan
Guinea,Kankan
Guinea,Kindia
Guinea,Kindia
Guinea,Kissidougou
Guinea,Koubia
Guinea,Koundara
Guinea,Kouroussa
Guinea,Kerouane
Guinea,Labe
Guinea,Labe
Guinea,Lola
Guinea,Lelouma
Guinea,Macenta
Guinea,Mali
Guinea,Mamou
Guinea,Mamou
Guinea,Mandiana
Guinea,Nzerekore
Guinea,Nzerekore
Guinea,Pita
Guinea,Siguiri
Guinea,Tougue
Guinea,Telimele
Guinea,Yomou
Guinea-Bissau,Bafata
Guinea-Bissau,Biombo
Guinea-Bissau,Bissau
Guinea-Bissau,Bolama
Guinea-Bissau,Cacheu
Guinea-Bissau,Gabu
Guinea-Bissau,Leste
Guinea-Bissau,Norte
Guinea-Bissau,Oio
Guinea-Bissau,Quinara
Guinea-Bissau,Sul
Guinea-Bissau,Tombali
Guyana,Barima-Waini
Guyana,Cuyuni-Mazaruni
Guyana,Demerara-Mahaica
Guyana,East Berbice-Corentyne
Guyana,Essequibo Islands-West Demerara
Guyana,Mahaica-Berbice
Guyana,Pomeroon-Supenaam
Guyana,Potaro-Siparuni
Guyana,Upper Demerara-Berbice
Guyana,Upper Takutu-Upper Essequibo
Haiti,Artibonite
Haiti,Centre
Haiti,Grande-Anse
Haiti,Nord
Haiti,Nord-Est
Haiti,Nord-Ouest
Haiti,Ouest
Haiti,Sud
Haiti,Sud-Est
Heard Island and McDonald Islands,
Holy See (Vatican City State),
Honduras,Atlantida
Honduras,Choluteca
Honduras,Colon
Honduras,Comayagua
Honduras,Copan
Honduras,Cortes
Honduras,El Paraiso
Honduras,Francisco Morazan
Honduras,Gracias a Dios
Honduras,Intibuca
Honduras,Islas de la Bahia
Honduras,La Paz
Honduras,Lempira
Honduras,Ocotepeque
Honduras,Olancho
Honduras,Santa Barbara
Honduras,Valle
Honduras,Yoro
Hong Kong,
Hungary,Baranya
Hungary,Borsod-Abauj-Zemplen
Hungary,Budapest
Hungary,Bacs-Kiskun
Hungary,Bekes
Hungary,Bekescsaba
Hungary,Csongrad
Hungary,Debrecen
Hungary,Dunaujvaros
Hungary,Eger
Hungary,Fejer
Hungary,Gyor
Hungary,Gyor-Moson-Sopron
Hungary,Hajdu-Bihar
Hungary,Heves
Hungary,Hodmezovasarhely
Hungary,Jasz-Nagykun-Szolnok
Hungary,Kaposvar
Hungary,Kecskemet
Hungary,Komarom-Esztergom
Hungary,Miskolc
Hungary,Nagykanizsa
Hungary,Nyiregyhaza
Hungary,Nograd
Hungary,Pest
Hungary,Pecs
Hungary,Salgotarjan
Hungary,Somogy
Hungary,Sopron
Hungary,Szabolcs-Szatmar-Bereg
Hungary,Szeged
Hungary,Szekszard
Hungary,Szolnok
Hungary,Szombathely
Hungary,Szekesfehervar
Hungary,Tatabanya
Hungary,Tolna
Hungary,Vas
Hungary,Veszprem
Hungary,Veszprem (county)
Hungary,Zala
Hungary,Zalaegerszeg
Hungary,Erd
Iceland,Austurland
Iceland,Hofuborgarsvi
Iceland,Norurland eystra
Iceland,Norurland vestra
Iceland,Reykjavik
Iceland,Suurland
Iceland,Suurnes
Iceland,Vestfirir
Iceland,Vesturland
India,Andaman and Nicobar Islands
India,Andhra Pradesh
India,Arunachal Pradesh
India,Assam
India,Bihar
India,Chandigarh
India,Chhattisgarh
India,Dadra and Nagar Haveli
India,Daman and Diu
India,Delhi
India,Goa
India,Gujarat
India,Haryana
India,Himachal Pradesh
India,Jammu and Kashmir
India,Jharkhand
India,Karnataka
India,Kerala
India,Lakshadweep
India,Madhya Pradesh
India,Maharashtra
India,Manipur
India,Meghalaya
India,Mizoram
India,Nagaland
India,Odisha
India,Puducherry
India,Punjab
India,Rajasthan
India,Sikkim
India,Tamil Nadu
India,Telangana
India,Tripura
India,Uttar Pradesh
India,Uttarakhand
India,West Bengal
Indonesia,Aceh
Indonesia,Bali
Indonesia,Bangka Belitung
Indonesia,Banten
Indonesia,Bengkulu
Indonesia,Gorontalo
Indonesia,Jakarta Raya
Indonesia,Jambi
Indonesia,Jawa
Indonesia,Jawa Barat
Indonesia,Jawa Tengah
Indonesia,Jawa Timur
Indonesia,Kalimantan
Indonesia,Kalimantan Barat
Indonesia,Kalimantan Selatan
Indonesia,Kalimantan Tengah
Indonesia,Kalimantan Timur
Indonesia,Kepulauan Riau
Indonesia,Lampung
Indonesia,Maluku
Indonesia,Maluku
Indonesia,Maluku Utara
Indonesia,Nusa Tenggara
Indonesia,Nusa Tenggara Barat
Indonesia,Nusa Tenggara Timur
Indonesia,Papua
Indonesia,Papua
Indonesia,Papua Barat
Indonesia,Riau
Indonesia,Sulawesi
Indonesia,Sulawesi Barat
Indonesia,Sulawesi Selatan
Indonesia,Sulawesi Tengah
Indonesia,Sulawesi Tenggara
Indonesia,Sulawesi Utara
Indonesia,Sumatera
Indonesia,Sumatera Utara
Indonesia,Sumatra Barat
Indonesia,Sumatra Selatan
Indonesia,Yogyakarta
"Iran, Islamic Republic of",Ardabil
"Iran, Islamic Republic of",Bushehr
"Iran, Islamic Republic of",Chahar Mahall va Bakhtiari
"Iran, Islamic Republic of",Esfahan
"Iran, Islamic Republic of",Fars
"Iran, Islamic Republic of",Golestan
"Iran, Islamic Republic of",Gilan
"Iran, Islamic Republic of",Hamadan
"Iran, Islamic Republic of",Hormozgan
"Iran, Islamic Republic of",Kerman
"Iran, Islamic Republic of",Kermanshah
"Iran, Islamic Republic of",Khorasan-e Janubi
"Iran, Islamic Republic of",Khorasan-e Razavi
"Iran, Islamic Republic of",Khorasan-e Shemali
"Iran, Islamic Republic of",Khuzestan
"Iran, Islamic Republic of",Kohgiluyeh va Buyer Ahmad
"Iran, Islamic Republic of",Kordestan
"Iran, Islamic Republic of",Lorestan
"Iran, Islamic Republic of",Markazi
"Iran, Islamic Republic of",Mazandaran
"Iran, Islamic Republic of",Qazvin
"Iran, Islamic Republic of",Qom
"Iran, Islamic Republic of",Semnan
"Iran, Islamic Republic of",Sistan va Baluchestan
"Iran, Islamic Republic of",Tehran
"Iran, Islamic Republic of",Yazd
"Iran, Islamic Republic of",Zanjan
"Iran, Islamic Republic of",Azarbayjan-e Gharbi
"Iran, Islamic Republic of",Azarbayjan-e Sharqi
"Iran, Islamic Republic of",Ilam
Iraq,Al Anbar
Iraq,Al Basrah
Iraq,Al Muthanna
Iraq,Al Qadisiyah
Iraq,An Najef
Iraq,Arbil
Iraq,As Sulaymaniyah
Iraq,At Ta'mim
Iraq,Babil
Iraq,Baghdad
Iraq,Dahuk
Iraq,Dhi Qar
Iraq,Diyala
Iraq,Karbala
Iraq,Maysan
Iraq,Ninawa
Iraq,Salah ad Din
Iraq,Wasit
Ireland,Carlow
Ireland,Cavan
Ireland,Clare
Ireland,Connacht
Ireland,Cork
Ireland,Donegal
Ireland,Dublin
Ireland,Galway
Ireland,Kerry
Ireland,Kildare
Ireland,Kilkenny
Ireland,Laois
Ireland,Leinster
Ireland,Leitrim
Ireland,Limerick
Ireland,Longford
Ireland,Louth
Ireland,Mayo
Ireland,Meath
Ireland,Monaghan
Ireland,Munster
Ireland,Offaly
Ireland,Roscommon
Ireland,Sligo
Ireland,Tipperary
Ireland,Ulster
Ireland,Waterford
Ireland,Westmeath
Ireland,Wexford
Ireland,Wicklow
Isle of Man,
Israel,HaDarom
Israel,HaMerkaz
Israel,HaZafon
Israel,Hefa
Israel,Tel-Aviv
Israel,Yerushalayim Al Quds
Italy,Abruzzo
Italy,Agrigento
Italy,Alessandria
Italy,Ancona
Italy,Aosta
Italy,Arezzo
Italy,Ascoli Piceno
Italy,Asti
Italy,Avellino
Italy,Bari
Italy,Barletta-Andria-Trani
Italy,Basilicata
Italy,Belluno
Italy,Benevento
Italy,Bergamo
Italy,Biella
Italy,Bologna
Italy,Bolzano
Italy,Brescia
Italy,Brindisi
Italy,Cagliari
Italy,Calabria
Italy,Caltanissetta
Italy,Campania
Italy,Campobasso
Italy,Carbonia-Iglesias
Italy,Caserta
Italy,Catania
Italy,Catanzaro
Italy,Chieti
Italy,Como
Italy,Cosenza
Italy,Cremona
Italy,Crotone
Italy,Cuneo
Italy,Emilia-Romagna
Italy,Enna
Italy,Fermo
Italy,Ferrara
Italy,Firenze
Italy,Foggia
Italy,Forli-Cesena
Italy,Friuli-Venezia Giulia
Italy,Frosinone
Italy,Genova
Italy,Gorizia
Italy,Grosseto
Italy,Imperia
Italy,Isernia
Italy,L'Aquila
Italy,La Spezia
Italy,Latina
Italy,Lazio
Italy,Lecce
Italy,Lecco
Italy,Liguria
Italy,Livorno
Italy,Lodi
Italy,Lombardia
Italy,Lucca
Italy,Macerata
Italy,Mantova
Italy,Marche
Italy,Massa-Carrara
Italy,Matera
Italy,Medio Campidano
Italy,Messina
Italy,Milano
Italy,Modena
Italy,Molise
Italy,Monza e Brianza
Italy,Napoli
Italy,Novara
Italy,Nuoro
Italy,Ogliastra
Italy,Olbia-Tempio
Italy,Oristano
Italy,Padova
Italy,Palermo
Italy,Parma
Italy,Pavia
Italy,Perugia
Italy,Pesaro e Urbino
Italy,Pescara
Italy,Piacenza
Italy,Piemonte
Italy,Pisa
Italy,Pistoia
Italy,Pordenone
Italy,Potenza
Italy,Prato
Italy,Puglia
Italy,Ragusa
Italy,Ravenna
Italy,Reggio Calabria
Italy,Reggio Emilia
Italy,Rieti
Italy,Rimini
Italy,Roma
Italy,Rovigo
Italy,Salerno
Italy,Sardegna
Italy,Sassari
Italy,Savona
Italy,Sicilia
Italy,Siena
Italy,Siracusa
Italy,Sondrio
Italy,Taranto
Italy,Teramo
Italy,Terni
Italy,Torino
Italy,Toscana
Italy,Trapani
Italy,Trentino-Alto Adige
Italy,Trento
Italy,Treviso
Italy,Trieste
Italy,Udine
Italy,Umbria
Italy,Valle d'Aosta
Italy,Varese
Italy,Veneto
Italy,Venezia
Italy,Verbano-Cusio-Ossola
Italy,Vercelli
Italy,Verona
Italy,Vibo Valentia
Italy,Vicenza
Italy,Viterbo
Jamaica,Clarendon
Jamaica,Hanover
Jamaica,Kingston
Jamaica,Manchester
Jamaica,Portland
Jamaica,Saint Andrew
Jamaica,Saint Ann
Jamaica,Saint Catherine
Jamaica,Saint Elizabeth
Jamaica,Saint James
Jamaica,Saint Mary
Jamaica,Saint Thomas
Jamaica,Trelawny
Jamaica,Westmoreland
Japan,Aichi
Japan,Akita
Japan,Aomori
Japan,Chiba
Japan,Ehime
Japan,Fukui
Japan,Fukuoka
Japan,Fukushima
Japan,Gifu
Japan,Gunma
Japan,Hiroshima
Japan,Hokkaido
Japan,Hyogo
Japan,Ibaraki
Japan,Ishikawa
Japan,Iwate
Japan,Kagawa
Japan,Kagoshima
Japan,Kanagawa
Japan,Kochi
Japan,Kumamoto
Japan,Kyoto
Japan,Mie
Japan,Miyagi
Japan,Miyazaki
Japan,Nagano
Japan,Nagasaki
Japan,Nara
Japan,Niigata
Japan,Oita
Japan,Okayama
Japan,Okinawa
Japan,Osaka
Japan,Saga
Japan,Saitama
Japan,Shiga
Japan,Shimane
Japan,Shizuoka
Japan,Tochigi
Japan,Tokushima
Japan,Tokyo
Japan,Tottori
Japan,Toyama
Japan,Wakayama
Japan,Yamagata
Japan,Yamaguchi
Japan,Yamanashi
Jersey,
Jordan,Al Balqa
Jordan,Al Karak
Jordan,Al Mafraq
Jordan,Al Aqabah
Jordan,Az Zarqa
Jordan,At Tafilah
Jordan,Irbid
Jordan,Jarash
Jordan,Maan
Jordan,Madaba
Jordan,Ajlun
Jordan,Amman (Al Asimah)
Kazakhstan,Almaty
Kazakhstan,Almaty oblysy
Kazakhstan,Aqmola oblysy
Kazakhstan,Aqtobe oblysy
Kazakhstan,Astana
Kazakhstan,Atyrau oblysy
Kazakhstan,Batys Quzaqstan oblysy
Kazakhstan,Mangghystau oblysy
Kazakhstan,Ongtustik Qazaqstan oblysy
Kazakhstan,Pavlodar oblysy
Kazakhstan,Qaraghandy oblysy
Kazakhstan,Qostanay oblysy
Kazakhstan,Qyzylorda oblysy
Kazakhstan,Shyghys Qazaqstan oblysy
Kazakhstan,Soltustik Quzaqstan oblysy
Kazakhstan,Zhambyl oblysy
Kenya,Baringo
Kenya,Bomet
Kenya,Bungoma
Kenya,Busia
Kenya,Elgeyo/Marakwet
Kenya,Embu
Kenya,Garissa
Kenya,Homa Bay
Kenya,Isiolo
Kenya,Kajiado
Kenya,Kakamega
Kenya,Kericho
Kenya,Kiambu
Kenya,Kilifi
Kenya,Kirinyaga
Kenya,Kisii
Kenya,Kisumu
Kenya,Kitui
Kenya,Kwale
Kenya,Laikipia
Kenya,Lamu
Kenya,Machakos
Kenya,Makueni
Kenya,Mandera
Kenya,Marsabit
Kenya,Meru
Kenya,Migori
Kenya,Mombasa
Kenya,Murang'a
Kenya,Nairobi City
Kenya,Nakuru
Kenya,Nandi
Kenya,Narok
Kenya,Nyamira
Kenya,Nyandarua
Kenya,Nyeri
Kenya,Samburu
Kenya,Siaya
Kenya,Taita/Taveta
Kenya,Tana River
Kenya,Tharaka-Nithi
Kenya,Trans Nzoia
Kenya,Turkana
Kenya,Uasin Gishu
Kenya,Vihiga
Kenya,Wajir
Kenya,West Pokot
Kiribati,Gilbert Islands
Kiribati,Line Islands
Kiribati,Phoenix Islands
"Korea, Democratic People's Republic of",Chagang-do
"Korea, Democratic People's Republic of",Hamgyong-bukto
"Korea, Democratic People's Republic of",Hamgyong-namdo
"Korea, Democratic People's Republic of",Hwanghae-bukto
"Korea, Democratic People's Republic of",Hwanghae-namdo
"Korea, Democratic People's Republic of",Kangwon-do
"Korea, Democratic People's Republic of",Nason (Najin-Sonbong)
"Korea, Democratic People's Republic of",Pyongan-bukto
"Korea, Democratic People's Republic of",Pyongan-namdo
"Korea, Democratic People's Republic of",Pyongyang
"Korea, Democratic People's Republic of",Yanggang-do
"Korea, Republic of",Busan Gwang'yeogsi
"Korea, Republic of",Chungcheongbukdo
"Korea, Republic of",Chungcheongnamdo
"Korea, Republic of",Daegu Gwang'yeogsi
"Korea, Republic of",Daejeon Gwang'yeogsi
"Korea, Republic of",Gang'weondo
"Korea, Republic of",Gwangju Gwang'yeogsi
"Korea, Republic of",Gyeonggido
"Korea, Republic of",Gyeongsangbukdo
"Korea, Republic of",Gyeongsangnamdo
"Korea, Republic of",Incheon Gwang'yeogsi
"Korea, Republic of",Jejudo
"Korea, Republic of",Jeonrabukdo
"Korea, Republic of",Jeonranamdo
"Korea, Republic of",Seoul Teugbyeolsi
"Korea, Republic of",Ulsan Gwang'yeogsi
Kuwait,Al Ahmadi
Kuwait,Al Farwaniyah
Kuwait,Al Jahrra
Kuwait,Al Kuwayt (Al Asimah)
Kuwait,Hawalli
Kuwait,Mubarak al Kabir
Kyrgyzstan,Batken
Kyrgyzstan,Bishkek
Kyrgyzstan,Chu
Kyrgyzstan,Jalal-Abad
Kyrgyzstan,Naryn
Kyrgyzstan,Osh
Kyrgyzstan,Talas
Kyrgyzstan,Ysyk-Kol
Lao People's Democratic Republic,Attapu
Lao People's Democratic Republic,Bokeo
Lao People's Democratic Republic,Bolikhamxai
Lao People's Democratic Republic,Champasak
Lao People's Democratic Republic,Houaphan
Lao People's Democratic Republic,Khammouan
Lao People's Democratic Republic,Louang Namtha
Lao People's Democratic Republic,Louangphabang
Lao People's Democratic Republic,Oudomxai
Lao People's Democratic Republic,Phongsali
Lao People's Democratic Republic,Salavan
Lao People's Democratic Republic,Savannakhet
Lao People's Democratic Republic,Vientiane
Lao People's Democratic Republic,Vientiane
Lao People's Democratic Republic,Xaignabouli
Lao People's Democratic Republic,Xaisomboun
Lao People's Democratic Republic,Xiangkhouang
Lao People's Democratic Republic,Xekong
Latvia,Aglonas novads
Latvia,Aizkraukles novads
Latvia,Aizputes novads
Latvia,Aknistes novads
Latvia,Alojas novads
Latvia,Alsungas novads
Latvia,Aluksnes novads
Latvia,Amatas novads
Latvia,Apes novads
Latvia,Auces novads
Latvia,Babites novads
Latvia,Baldones novads
Latvia,Baltinavas novads
Latvia,Balvu novads
Latvia,Bauskas novads
Latvia,Beverinas novads
Latvia,Brocenu novads
Latvia,Burtnieku novads
Latvia,Carnikavas novads
Latvia,Cesvaines novads
Latvia,Ciblas novads
Latvia,Cesu novads
Latvia,Dagdas novads
Latvia,Daugavpils
Latvia,Daugavpils novads
Latvia,Dobeles novads
Latvia,Dundagas novads
Latvia,Durbes novads
Latvia,Engures novads
Latvia,Garkalnes novads
Latvia,Grobinas novads
Latvia,Gulbenes novads
Latvia,Iecavas novads
Latvia,Ikskiles novads
Latvia,Ilukstes novads
Latvia,Incukalna novads
Latvia,Jaunjelgavas novads
Latvia,Jaunpiebalgas novads
Latvia,Jaunpils novads
Latvia,Jelgava
Latvia,Jelgavas novads
Latvia,Jekabpils
Latvia,Jekabpils novads
Latvia,Jurmala
Latvia,Kandavas novads
Latvia,Kocenu novads
Latvia,Kokneses novads
Latvia,Krimuldas novads
Latvia,Krustpils novads
Latvia,Kraslavas novads
Latvia,Kuldigas novads
Latvia,Karsavas novads
Latvia,Lielvardes novads
Latvia,Liepaja
Latvia,Limbazu novads
Latvia,Lubanas novads
Latvia,Ludzas novads
Latvia,Ligatnes novads
Latvia,Livanu novads
Latvia,Madonas novads
Latvia,Mazsalacas novads
Latvia,Malpils novads
Latvia,Marupes novads
Latvia,Mersraga novads
Latvia,Nauksenu novads
Latvia,Neretas novads
Latvia,Nicas novads
Latvia,Ogres novads
Latvia,Olaines novads
Latvia,Ozolnieku novads
Latvia,Preilu novads
Latvia,Priekules novads
Latvia,Priekulu novads
Latvia,Pargaujas novads
Latvia,Pavilostas novads
Latvia,Plavinu novads
Latvia,Raunas novads
Latvia,Riebinu novads
Latvia,Rojas novads
Latvia,Ropazu novads
Latvia,Rucavas novads
Latvia,Rugaju novads
Latvia,Rundales novads
Latvia,Rezekne
Latvia,Rezeknes novads
Latvia,Riga
Latvia,Rujienas novads
Latvia,Salacgrivas novads
Latvia,Salas novads
Latvia,Salaspils novads
Latvia,Saldus novads
Latvia,Saulkrastu novads
Latvia,Siguldas novads
Latvia,Skrundas novads
Latvia,Skriveru novads
Latvia,Smiltenes novads
Latvia,Stopinu novads
Latvia,Strencu novads
Latvia,Sejas novads
Latvia,Talsu novads
Latvia,Tukuma novads
Latvia,Tervetes novads
Latvia,Vainodes novads
Latvia,Valkas novads
Latvia,Valmiera
Latvia,Varaklanu novads
Latvia,Vecpiebalgas novads
Latvia,Vecumnieku novads
Latvia,Ventspils
Latvia,Ventspils novads
Latvia,Viesites novads
Latvia,Vilakas novads
Latvia,Vilanu novads
Latvia,Varkavas novads
Latvia,Zilupes novads
Latvia,Adazu novads
Latvia,Erglu novads
Latvia,Keguma novads
Latvia,Kekavas novads
Lebanon,Aakkar
Lebanon,Baalbek-Hermel
Lebanon,Beyrouth
Lebanon,Beqaa
Lebanon,Liban-Nord
Lebanon,Liban-Sud
Lebanon,Mont-Liban
Lebanon,Nabatiye
Lesotho,Berea
Lesotho,Butha-Buthe
Lesotho,Leribe
Lesotho,Mafeteng
Lesotho,Maseru
Lesotho,Mohale's Hoek
Lesotho,Mokhotlong
Lesotho,Qacha's Nek
Lesotho,Quthing
Lesotho,Thaba-Tseka
Liberia,Bomi
Liberia,Bong
Liberia,Grand Bassa
Liberia,Grand Cape Mount
Liberia,Grand Gedeh
Liberia,Grand Kru
Liberia,Lofa
Liberia,Margibi
Liberia,Maryland
Liberia,Montserrado
Liberia,Nimba
Liberia,Rivercess
Liberia,Sinoe
Libya,Al Butnan
Libya,Al Jabal al Akhdar
Libya,Al Jabal al Gharbi
Libya,Al Jifarah
Libya,Al Jufrah
Libya,Al Kufrah
Libya,Al Marj
Libya,Al Marqab
Libya,Al Wahat
Libya,An Nuqat al Khams
Libya,Az Zawiyah
Libya,Banghazi
Libya,Darnah
Libya,Ghat
Libya,Jaghbub
Libya,Misratah
Libya,Murzuq
Libya,Nalut
Libya,Sabha
Libya,Surt
Libya,Wadi al Hayat
Libya,Wadi ash Shati
Libya,Tarabulus
Liechtenstein,Balzers
Liechtenstein,Eschen
Liechtenstein,Gamprin
Liechtenstein,Mauren
Liechtenstein,Planken
Liechtenstein,Ruggell
Liechtenstein,Schaan
Liechtenstein,Schellenberg
Liechtenstein,Triesen
Liechtenstein,Triesenberg
Liechtenstein,Vaduz
Lithuania,Alytaus Apskritis
Lithuania,Kauno Apskritis
Lithuania,Klaipedos Apskritis
Lithuania,Marijampoles Apskritis
Lithuania,Panevezio Apskritis
Lithuania,Taurages Apskritis
Lithuania,Telsiu Apskritis
Lithuania,Utenos Apskritis
Lithuania,Vilniaus Apskritis
Lithuania,Siauliu Apskritis
Luxembourg,Diekirch
Luxembourg,Grevenmacher
Luxembourg,Luxembourg
Macao,
Madagascar,Antananarivo
Madagascar,Antsiranana
Madagascar,Fianarantsoa
Madagascar,Mahajanga
Madagascar,Toamasina
Madagascar,Toliara
Malawi,Balaka
Malawi,Blantyre
Malawi,Central Region
Malawi,Chikwawa
Malawi,Chiradzulu
Malawi,Chitipa
Malawi,Dedza
Malawi,Dowa
Malawi,Karonga
Malawi,Kasungu
Malawi,Likoma
Malawi,Lilongwe
Malawi,Machinga
Malawi,Mangochi
Malawi,Mchinji
Malawi,Mulanje
Malawi,Mwanza
Malawi,Mzimba
Malawi,Neno
Malawi,Nkhata Bay
Malawi,Nkhotakota
Malawi,Northern Region
Malawi,Nsanje
Malawi,Ntcheu
Malawi,Ntchisi
Malawi,Phalombe
Malawi,Rumphi
Malawi,Salima
Malawi,Southern Region
Malawi,Thyolo
Malawi,Zomba
Malaysia,Johor
Malaysia,Kedah
Malaysia,Kelantan
Malaysia,Melaka
Malaysia,Negeri Sembilan
Malaysia,Pahang
Malaysia,Perak
Malaysia,Perlis
Malaysia,Pulau Pinang
Malaysia,Sabah
Malaysia,Sarawak
Malaysia,Selangor
Malaysia,Terengganu
Malaysia,Wilayah Persekutuan Kuala Lumpur
Malaysia,Wilayah Persekutuan Labuan
Malaysia,Wilayah Persekutuan Putrajaya
Maldives,Alifu Alifu
Maldives,Alifu Dhaalu
Maldives,Baa
Maldives,Central
Maldives,Dhaalu
Maldives,Faafu
Maldives,Gaafu Alifu
Maldives,Gaafu Dhaalu
Maldives,Gnaviyani
Maldives,Haa Alifu
Maldives,Haa Dhaalu
Maldives,Kaafu
Maldives,Laamu
Maldives,Lhaviyani
Maldives,Male
Maldives,Meemu
Maldives,Noonu
Maldives,North
Maldives,North Central
Maldives,Raa
Maldives,Seenu
Maldives,Shaviyani
Maldives,South
Maldives,South Central
Maldives,Thaa
Maldives,Upper North
Maldives,Upper South
Maldives,Vaavu
Mali,Bamako
Mali,Gao
Mali,Kayes
Mali,Kidal
Mali,Koulikoro
Mali,Mopti
Mali,Sikasso
Mali,Segou
Mali,Tombouctou
Malta,Attard
Malta,Balzan
Malta,Birgu
Malta,Birkirkara
Malta,Birzebbuga
Malta,Bormla
Malta,Dingli
Malta,Fgura
Malta,Floriana
Malta,Fontana
Malta,Gudja
Malta,Gajnsielem
Malta,Garb
Malta,Gargur
Malta,Gasri
Malta,Gaxaq
Malta,Gzira
Malta,Iklin
Malta,Isla
Malta,Kalkara
Malta,Kercem
Malta,Kirkop
Malta,Lija
Malta,Luqa
Malta,Marsa
Malta,Marsaskala
Malta,Marsaxlokk
Malta,Mdina
Malta,Melliea
Malta,Mosta
Malta,Mqabba
Malta,Msida
Malta,Mtarfa
Malta,Munxar
Malta,Mgarr
Malta,Nadur
Malta,Naxxar
Malta,Paola
Malta,Pembroke
Malta,Pieta
Malta,Qala
Malta,Qormi
Malta,Qrendi
Malta,Rabat Gawdex
Malta,Rabat Malta
Malta,Safi
Malta,San Lawrenz
Malta,San Pawl il-Baar
Malta,San Giljan
Malta,San Gwann
Malta,Sannat
Malta,Santa Lucija
Malta,Santa Venera
Malta,Siggiewi
Malta,Sliema
Malta,Swieqi
Malta,Tarxien
Malta,Ta Xbiex
Malta,Valletta
Malta,Xagra
Malta,Xewkija
Malta,Xgajra
Malta,amrun
Malta,Zabbar
Malta,Zebbug Gawdex
Malta,Zebbug Malta
Malta,Zejtun
Malta,Zurrieq
Marshall Islands,Ailinglaplap
Marshall Islands,Ailuk
Marshall Islands,Arno
Marshall Islands,Aur
Marshall Islands,Ebon
Marshall Islands,Enewetak
Marshall Islands,Jabat
Marshall Islands,Jaluit
Marshall Islands,Kili
Marshall Islands,Kwajalein
Marshall Islands,Lae
Marshall Islands,Lib
Marshall Islands,Likiep
Marshall Islands,Majuro
Marshall Islands,Maloelap
Marshall Islands,Mejit
Marshall Islands,Mili
Marshall Islands,Namdrik
Marshall Islands,Namu
Marshall Islands,Ralik chain
Marshall Islands,Ratak chain
Marshall Islands,Rongelap
Marshall Islands,Ujae
Marshall Islands,Utirik
Marshall Islands,Wotho
Marshall Islands,Wotje
Martinique,
Mauritania,Adrar
Mauritania,Assaba
Mauritania,Brakna
Mauritania,Dakhlet Nouadhibou
Mauritania,Gorgol
Mauritania,Guidimaka
Mauritania,Hodh ech Chargui
Mauritania,Hodh el Charbi
Mauritania,Inchiri
Mauritania,Nouakchott
Mauritania,Tagant
Mauritania,Tiris Zemmour
Mauritania,Trarza
Mauritius,Agalega Islands
Mauritius,Beau Bassin-Rose Hill
Mauritius,Black River
Mauritius,Cargados Carajos Shoals
Mauritius,Curepipe
Mauritius,Flacq
Mauritius,Grand Port
Mauritius,Moka
Mauritius,Pamplemousses
Mauritius,Plaines Wilhems
Mauritius,Port Louis
Mauritius,Port Louis
Mauritius,Quatre Bornes
Mauritius,Riviere du Rempart
Mauritius,Rodrigues Island
Mauritius,Savanne
Mauritius,Vacoas-Phoenix
Mayotte,
Mexico,Aguascalientes
Mexico,Baja California
Mexico,Baja California Sur
Mexico,Campeche
Mexico,Chiapas
Mexico,Chihuahua
Mexico,Ciudad de Mexico
Mexico,Coahuila de Zaragoza
Mexico,Colima
Mexico,Durango
Mexico,Guanajuato
Mexico,Guerrero
Mexico,Hidalgo
Mexico,Jalisco
Mexico,Michoacan de Ocampo
Mexico,Morelos
Mexico,Mexico
Mexico,Nayarit
Mexico,Nuevo Leon
Mexico,Oaxaca
Mexico,Puebla
Mexico,Queretaro
Mexico,Quintana Roo
Mexico,San Luis Potosi
Mexico,Sinaloa
Mexico,Sonora
Mexico,Tabasco
Mexico,Tamaulipas
Mexico,Tlaxcala
Mexico,Veracruz de Ignacio de la Llave
Mexico,Yucatan
Mexico,Zacatecas
"Micronesia, Federated States of",Chuuk
"Micronesia, Federated States of",Kosrae
"Micronesia, Federated States of",Pohnpei
"Micronesia, Federated States of",Yap
"Moldova, Republic of",Anenii Noi
"Moldova, Republic of",Basarabeasca
"Moldova, Republic of",Briceni
"Moldova, Republic of",Balti
"Moldova, Republic of",Cahul
"Moldova, Republic of",Cantemir
"Moldova, Republic of",Chisinau
"Moldova, Republic of",Cimislia
"Moldova, Republic of",Criuleni
"Moldova, Republic of",Calarasi
"Moldova, Republic of",Causeni
"Moldova, Republic of",Donduseni
"Moldova, Republic of",Drochia
"Moldova, Republic of",Dubasari
"Moldova, Republic of",Edinet
"Moldova, Republic of",Floresti
"Moldova, Republic of",Falesti
"Moldova, Republic of",Glodeni
"Moldova, Republic of","Gagauzia, Unitatea teritoriala autonoma"
"Moldova, Republic of",Hincesti
"Moldova, Republic of",Ialoveni
"Moldova, Republic of",Leova
"Moldova, Republic of",Nisporeni
"Moldova, Republic of",Ocnita
"Moldova, Republic of",Orhei
"Moldova, Republic of",Rezina
"Moldova, Republic of",Riscani
"Moldova, Republic of",Soroca
"Moldova, Republic of",Straseni
"Moldova, Republic of","Stinga Nistrului, unitatea teritoriala din"
"Moldova, Republic of",Singerei
"Moldova, Republic of",Taraclia
"Moldova, Republic of",Telenesti
"Moldova, Republic of",Tighina
"Moldova, Republic of",Ungheni
"Moldova, Republic of",Soldanesti
"Moldova, Republic of",Stefan Voda
Monaco,Fontvieille
Monaco,Jardin Exotique
Monaco,La Colle
Monaco,La Condamine
Monaco,La Gare
Monaco,La Source
Monaco,Larvotto
Monaco,Malbousquet
Monaco,Monaco-Ville
Monaco,Moneghetti
Monaco,Monte-Carlo
Monaco,Moulins
Monaco,Port-Hercule
Monaco,Saint-Roman
Monaco,Sainte-Devote
Monaco,Spelugues
Monaco,Vallon de la Rousse
Mongolia,Arhangay
Mongolia,Bayan-Olgiy
Mongolia,Bayanhongor
Mongolia,Bulgan
Mongolia,Darhan uul
Mongolia,Dornod
Mongolia,Dornogovi
Mongolia,Dundgovi
Mongolia,Dzavhan
Mongolia,Govi-Altay
Mongolia,Govi-Sumber
Mongolia,Hentiy
Mongolia,Hovd
Mongolia,Hovsgol
Mongolia,Orhon
Mongolia,Selenge
Mongolia,Suhbaatar
Mongolia,Tov
Mongolia,Ulanbaatar
Mongolia,Uvs
Mongolia,Omnogovi
Mongolia,Ovorhangay
Montenegro,Andrijevica
Montenegro,Bar
Montenegro,Berane
Montenegro,Bijelo Polje
Montenegro,Budva
Montenegro,Cetinje
Montenegro,Danilovgrad
Montenegro,Herceg-Novi
Montenegro,Kolasin
Montenegro,Kotor
Montenegro,Mojkovac
Montenegro,Niksic
Montenegro,Plav
Montenegro,Pljevlja
Montenegro,Pluzine
Montenegro,Podgorica
Montenegro,Rozaje
Montenegro,Tivat
Montenegro,Ulcinj
Montenegro,Savnik
Montenegro,Zabljak
Montserrat,
Morocco,Agadir-Ida-Ou-Tanane
Morocco,Al Haouz
Morocco,Al Hoceima
Morocco,Aousserd (EH)
Morocco,Assa-Zag (EH-partial)
Morocco,Azilal
Morocco,Benslimane
Morocco,Berkane
Morocco,Berrechid
Morocco,Boujdour (EH)
Morocco,Boulemane
Morocco,Beni Mellal
Morocco,Beni Mellal-Khenifra
Morocco,Casablanca
Morocco,Casablanca-Settat
Morocco,Chefchaouen
Morocco,Chichaoua
Morocco,Chtouka-Ait Baha
Morocco,Dakhla-Oued Ed-Dahab (EH)
Morocco,Driouch
Morocco,Draa-Tafilalet
Morocco,El Hajeb
Morocco,El Jadida
Morocco,El Kelaa des Sraghna
Morocco,Errachidia
Morocco,Es-Semara (EH-partial)
Morocco,Essaouira
Morocco,Fahs-Anjra
Morocco,Figuig
Morocco,Fquih Ben Salah
Morocco,Fes
Morocco,Fes-Meknes
Morocco,Guelmim
Morocco,Guelmim-Oued Noun (EH-partial)
Morocco,Guercif
Morocco,Ifrane
Morocco,Inezgane-Ait Melloul
Morocco,Jerada
Morocco,Khemisset
Morocco,Khenifra
Morocco,Khouribga
Morocco,Kenitra
Morocco,L'Oriental
Morocco,Larache
Morocco,Laayoune (EH)
Morocco,Laayoune-Sakia El Hamra (EH-partial)
Morocco,Marrakech
Morocco,Marrakech-Safi
Morocco,Meknes
Morocco,Midelt
Morocco,Mohammadia
Morocco,Moulay Yacoub
Morocco,Mediouna
Morocco,Mdiq-Fnideq
Morocco,Nador
Morocco,Nouaceur
Morocco,Ouarzazate
Morocco,Oued Ed-Dahab (EH)
Morocco,Ouezzane
Morocco,Oujda-Angad
Morocco,Rabat
Morocco,Rabat-Sale-Kenitra
Morocco,Rehamna
Morocco,Safi
Morocco,Sale
Morocco,Sefrou
Morocco,Settat
Morocco,Sidi Bennour
Morocco,Sidi Ifni
Morocco,Sidi Kacem
Morocco,Sidi Slimane
Morocco,Skhirate-Temara
Morocco,Souss-Massa
Morocco,Tan-Tan (EH-partial)
Morocco,Tanger-Assilah
Morocco,Tanger-Tetouan-Al Hoceima
Morocco,Taounate
Morocco,Taourirt
Morocco,Tarfaya (EH-partial)
Morocco,Taroudant
Morocco,Tata
Morocco,Taza
Morocco,Tinghir
Morocco,Tiznit
Morocco,Tetouan
Morocco,Youssoufia
Morocco,Zagora
Mozambique,Cabo Delgado
Mozambique,Gaza
Mozambique,Inhambane
Mozambique,Manica
Mozambique,Maputo
Mozambique,Maputo (city)
Mozambique,Niassa
Mozambique,Numpula
Mozambique,Sofala
Mozambique,Tete
Mozambique,Zambezia
Myanmar,Ayeyarwady
Myanmar,Bago
Myanmar,Chin
Myanmar,Kachin
Myanmar,Kayah
Myanmar,Kayin
Myanmar,Magway
Myanmar,Mandalay
Myanmar,Mon
Myanmar,Rakhine
Myanmar,Sagaing
Myanmar,Shan
Myanmar,Tanintharyi
Myanmar,Yangon
Namibia,Caprivi
Namibia,Erongo
Namibia,Hardap
Namibia,Karas
Namibia,Khomas
Namibia,Kunene
Namibia,Ohangwena
Namibia,Okavango
Namibia,Omaheke
Namibia,Omusati
Namibia,Oshana
Namibia,Oshikoto
Namibia,Otjozondjupa
Nauru,Aiwo
Nauru,Anabar
Nauru,Anetan
Nauru,Anibare
Nauru,Baiti
Nauru,Boe
Nauru,Buada
Nauru,Denigomodu
Nauru,Ewa
Nauru,Ijuw
Nauru,Meneng
Nauru,Nibok
Nauru,Uaboe
Nauru,Yaren
Nepal,Bagmati
Nepal,Bheri
Nepal,Dhawalagiri
Nepal,Gandaki
Nepal,Janakpur
Nepal,Karnali
Nepal,Kosi
Nepal,Lumbini
Nepal,Madhya Pashchimanchal
Nepal,Madhyamanchal
Nepal,Mahakali
Nepal,Mechi
Nepal,Narayani
Nepal,Pashchimanchal
Nepal,Purwanchal
Nepal,Rapti
Nepal,Sagarmatha
Nepal,Seti
Nepal,Sudur Pashchimanchal
Netherlands,Aruba
Netherlands,Bonaire
Netherlands,Curacao
Netherlands,Drenthe
Netherlands,Flevoland
Netherlands,Friesland
Netherlands,Gelderland
Netherlands,Groningen
Netherlands,Limburg
Netherlands,Noord-Brabant
Netherlands,Noord-Holland
Netherlands,Overijssel
Netherlands,Saba
Netherlands,Sint Eustatius
Netherlands,Sint Maarten
Netherlands,Utrecht
Netherlands,Zeeland
Netherlands,Zuid-Holland
New Caledonia,
New Zealand,Auckland
New Zealand,Bay of Plenty
New Zealand,Canterbury
New Zealand,Chatham Islands Territory
New Zealand,Gisborne District
New Zealand,Hawke's Bay
New Zealand,Manawatu-Wanganui
New Zealand,Marlborough District
New Zealand,Nelson City
New Zealand,North Island
New Zealand,Northland
New Zealand,Otago
New Zealand,South Island
New Zealand,Southland
New Zealand,Taranaki
New Zealand,Tasman District
New Zealand,Waikato
New Zealand,Wellington
New Zealand,West Coast
Nicaragua,Atlantico Norte
Nicaragua,Atlantico Sur
Nicaragua,Boaco
Nicaragua,Carazo
Nicaragua,Chinandega
Nicaragua,Chontales
Nicaragua,Esteli
Nicaragua,Granada
Nicaragua,Jinotega
Nicaragua,Leon
Nicaragua,Madriz
Nicaragua,Managua
Nicaragua,Masaya
Nicaragua,Matagalpa
Nicaragua,Nueva Segovia
Nicaragua,Rivas
Nicaragua,Rio San Juan
Niger,Agadez
Niger,Diffa
Niger,Dosso
Niger,Maradi
Niger,Niamey
Niger,Tahoua
Niger,Tillaberi
Niger,Zinder
Nigeria,Abia
Nigeria,Abuja Capital Territory
Nigeria,Adamawa
Nigeria,Akwa Ibom
Nigeria,Anambra
Nigeria,Bauchi
Nigeria,Bayelsa
Nigeria,Benue
Nigeria,Borno
Nigeria,Cross River
Nigeria,Delta
Nigeria,Ebonyi
Nigeria,Edo
Nigeria,Ekiti
Nigeria,Enugu
Nigeria,Gombe
Nigeria,Imo
Nigeria,Jigawa
Nigeria,Kaduna
Nigeria,Kano
Nigeria,Katsina
Nigeria,Kebbi
Nigeria,Kogi
Nigeria,Kwara
Nigeria,Lagos
Nigeria,Nassarawa
Nigeria,Niger
Nigeria,Ogun
Nigeria,Ondo
Nigeria,Osun
Nigeria,Oyo
Nigeria,Plateau
Nigeria,Rivers
Nigeria,Sokoto
Nigeria,Taraba
Nigeria,Yobe
Nigeria,Zamfara
Niue,
Norfolk Island,
North Macedonia,Aerodrom
North Macedonia,Aracinovo
North Macedonia,Berovo
North Macedonia,Bitola
North Macedonia,Bogdanci
North Macedonia,Bogovinje
North Macedonia,Bosilovo
North Macedonia,Brvenica
North Macedonia,Butel
North Macedonia,Centar
North Macedonia,Centar Zupa
North Macedonia,Debar
North Macedonia,Debarca
North Macedonia,Delcevo
North Macedonia,Demir Hisar
North Macedonia,Demir Kapija
North Macedonia,Dojran
North Macedonia,Dolneni
North Macedonia,Drugovo
North Macedonia,Gazi Baba
North Macedonia,Gevgelija
North Macedonia,Gjorce Petrov
North Macedonia,Gostivar
North Macedonia,Gradsko
North Macedonia,Ilinden
North Macedonia,Jegunovce
North Macedonia,Karbinci
North Macedonia,Karpos
North Macedonia,Kavadarci
North Macedonia,Kisela Voda
North Macedonia,Kicevo
North Macedonia,Konce
North Macedonia,Kocani
North Macedonia,Kratovo
North Macedonia,Kriva Palanka
North Macedonia,Krivogastani
North Macedonia,Krusevo
North Macedonia,Kumanovo
North Macedonia,Lipkovo
North Macedonia,Lozovo
North Macedonia,Makedonska Kamenica
North Macedonia,Makedonski Brod
North Macedonia,Mavrovo-i-Rostusa
North Macedonia,Mogila
North Macedonia,Negotino
North Macedonia,Novaci
North Macedonia,Novo Selo
North Macedonia,Ohrid
North Macedonia,Oslomej
North Macedonia,Pehcevo
North Macedonia,Petrovec
North Macedonia,Plasnica
North Macedonia,Prilep
North Macedonia,Probistip
North Macedonia,Radovis
North Macedonia,Rankovce
North Macedonia,Resen
North Macedonia,Rosoman
North Macedonia,Saraj
North Macedonia,Sopiste
North Macedonia,Staro Nagoricane
North Macedonia,Struga
North Macedonia,Strumica
North Macedonia,Studenicani
North Macedonia,Sveti Nikole
North Macedonia,Tearce
North Macedonia,Tetovo
North Macedonia,Valandovo
North Macedonia,Vasilevo
North Macedonia,Veles
North Macedonia,Vevcani
North Macedonia,Vinica
North Macedonia,Vranestica
North Macedonia,Vrapciste
North Macedonia,Zajas
North Macedonia,Zelenikovo
North Macedonia,Zrnovci
North Macedonia,Cair
North Macedonia,Caska
North Macedonia,Cesinovo-Oblesevo
North Macedonia,Cucer Sandevo
North Macedonia,Stip
North Macedonia,Suto Orizari
North Macedonia,Zelino
Northern Mariana Islands,
Norway,Akershus
Norway,Aust-Agder
Norway,Buskerud
Norway,Finnmark
Norway,Hedmark
Norway,Hordaland
Norway,Jan Mayen (Arctic Region)
Norway,Mre og Romsdal
Norway,Nordland
Norway,Oppland
Norway,Oslo
Norway,Rogaland
Norway,Sogn og Fjordane
Norway,Svalbard (Arctic Region)
Norway,Telemark
Norway,Troms
Norway,Trndelag
Norway,Vest-Agder
Norway,Vestfold
Norway,stfold
Oman,Ad Dakhiliya
Oman,Al Buraymi
Oman,Al Batinah
Oman,Al Wusta
Oman,Ash Sharqiyah
Oman,Az Zahirah
Oman,Masqat
Oman,Musandam
Oman,Zufar
Pakistan,Azad Kashmir
Pakistan,Balochistan
Pakistan,Federally Administered Tribal Areas
Pakistan,Gilgit-Baltistan
Pakistan,Islamabad
Pakistan,Khyber Pakhtunkhwa
Pakistan,Punjab
Pakistan,Sindh
Palau,Aimeliik
Palau,Airai
Palau,Angaur
Palau,Hatobohei
Palau,Kayangel
Palau,Koror
Palau,Melekeok
Palau,Ngaraard
Palau,Ngarchelong
Palau,Ngardmau
Palau,Ngatpang
Palau,Ngchesar
Palau,Ngeremlengui
Palau,Ngiwal
Palau,Peleliu
Palau,Sonsorol
"Palestine, State of",Bethlehem
"Palestine, State of",Deir El Balah
"Palestine, State of",Gaza
"Palestine, State of",Hebron
"Palestine, State of",Jenin
"Palestine, State of",Jericho - Al Aghwar
"Palestine, State of",Jerusalem
"Palestine, State of",Khan Yunis
"Palestine, State of",Nablus
"Palestine, State of",North Gaza
"Palestine, State of",Qalqilya
"Palestine, State of",Rafah
"Palestine, State of",Ramallah
"Palestine, State of",Salfit
"Palestine, State of",Tubas
"Palestine, State of",Tulkarm
Panama,Bocas del Toro
Panama,Chiriqui
Panama,Cocle
Panama,Colon
Panama,Darien
Panama,Embera
Panama,Herrera
Panama,Kuna Yala
Panama,Los Santos
Panama,Ngobe-Bugle
Panama,Panama
Panama,Veraguas
Papua New Guinea,Bougainville
Papua New Guinea,Central
Papua New Guinea,Chimbu
Papua New Guinea,East New Britain
Papua New Guinea,East Sepik
Papua New Guinea,Eastern Highlands
Papua New Guinea,Enga
Papua New Guinea,Gulf
Papua New Guinea,Madang
Papua New Guinea,Manus
Papua New Guinea,Milne Bay
Papua New Guinea,Morobe
Papua New Guinea,National Capital District (Port Moresby)
Papua New Guinea,New Ireland
Papua New Guinea,Northern
Papua New Guinea,Sandaun
Papua New Guinea,Southern Highlands
Papua New Guinea,West New Britain
Papua New Guinea,Western
Papua New Guinea,Western Highlands
Paraguay,Alto Paraguay
Paraguay,Alto Parana
Paraguay,Amambay
Paraguay,Asuncion
Paraguay,Boqueron
Paraguay,Caaguazu
Paraguay,Caazapa
Paraguay,Canindeyu
Paraguay,Central
Paraguay,Concepcion
Paraguay,Cordillera
Paraguay,Guaira
Paraguay,Itapua
Paraguay,Misiones
Paraguay,Paraguari
Paraguay,Presidente Hayes
Paraguay,San Pedro
Paraguay,Neembucu
Peru,Amazonas
Peru,Ancash
Peru,Apurimac
Peru,Arequipa
Peru,Ayacucho
Peru,Cajamarca
Peru,Cusco [Cuzco]
Peru,El Callao
Peru,Huancavelica
Peru,Huanuco
Peru,Ica
Peru,Junin
Peru,La Libertad
Peru,Lambayeque
Peru,Lima
Peru,Loreto
Peru,Madre de Dios
Peru,Moquegua
Peru,Municipalidad Metropolitana de Lima
Peru,Pasco
Peru,Piura
Peru,Puno
Peru,San Martin
Peru,Tacna
Peru,Tumbes
Peru,Ucayali
Philippines,Abra
Philippines,Agusan del Norte
Philippines,Agusan del Sur
Philippines,Aklan
Philippines,Albay
Philippines,Antique
Philippines,Apayao
Philippines,Aurora
Philippines,Autonomous Region in Muslim Mindanao (ARMM)
Philippines,Basilan
Philippines,Batanes
Philippines,Batangas
Philippines,Batasn
Philippines,Benguet
Philippines,Bicol (Region V)
Philippines,Biliran
Philippines,Bohol
Philippines,Bukidnon
Philippines,Bulacan
Philippines,CALABARZON (Region IV-A)
Philippines,Cagayan
Philippines,Cagayan Valley (Region II)
Philippines,Camarines Norte
Philippines,Camarines Sur
Philippines,Camiguin
Philippines,Capiz
Philippines,Caraga (Region XIII)
Philippines,Catanduanes
Philippines,Cavite
Philippines,Cebu
Philippines,Central Luzon (Region III)
Philippines,Central Visayas (Region VII)
Philippines,Compostela Valley
Philippines,Cordillera Administrative Region (CAR)
Philippines,Davao (Region XI)
Philippines,Davao Oriental
Philippines,Davao del Norte
Philippines,Davao del Sur
Philippines,Dinagat Islands
Philippines,Eastern Samar
Philippines,Eastern Visayas (Region VIII)
Philippines,Guimaras
Philippines,Ifugao
Philippines,Ilocos (Region I)
Philippines,Ilocos Norte
Philippines,Ilocos Sur
Philippines,Iloilo
Philippines,Isabela
Philippines,Kalinga-Apayso
Philippines,La Union
Philippines,Laguna
Philippines,Lanao del Norte
Philippines,Lanao del Sur
Philippines,Leyte
Philippines,MIMAROPA (Region IV-B)
Philippines,Maguindanao
Philippines,Marinduque
Philippines,Masbate
Philippines,Mindoro Occidental
Philippines,Mindoro Oriental
Philippines,Misamis Occidental
Philippines,Misamis Oriental
Philippines,Mountain Province
Philippines,National Capital Region
Philippines,Negros Occidental
Philippines,Negros Oriental
Philippines,North Cotabato
Philippines,Northern Mindanao (Region X)
Philippines,Northern Samar
Philippines,Nueva Ecija
Philippines,Nueva Vizcaya
Philippines,Palawan
Philippines,Pampanga
Philippines,Pangasinan
Philippines,Quezon
Philippines,Quirino
Philippines,Rizal
Philippines,Romblon
Philippines,Sarangani
Philippines,Siquijor
Philippines,Soccsksargen (Region XII)
Philippines,Sorsogon
Philippines,South Cotabato
Philippines,Southern Leyte
Philippines,Sultan Kudarat
Philippines,Sulu
Philippines,Surigao del Norte
Philippines,Surigao del Sur
Philippines,Tarlac
Philippines,Tawi-Tawi
Philippines,Western Samar
Philippines,Western Visayas (Region VI)
Philippines,Zambales
Philippines,Zamboanga Peninsula (Region IX)
Philippines,Zamboanga Sibugay
Philippines,Zamboanga del Norte
Philippines,Zamboanga del Sur
Pitcairn,
Poland,Dolnoslaskie
Poland,Kujawsko-pomorskie
Poland,Lubelskie
Poland,Lubuskie
Poland,Mazowieckie
Poland,Maopolskie
Poland,Opolskie
Poland,Podkarpackie
Poland,Podlaskie
Poland,Pomorskie
Poland,Warminsko-mazurskie
Poland,Wielkopolskie
Poland,Zachodniopomorskie
Poland,odzkie
Poland,Slaskie
Poland,Swietokrzyskie
Portugal,Aveiro
Portugal,Beja
Portugal,Braga
Portugal,Braganca
Portugal,Castelo Branco
Portugal,Coimbra
Portugal,Faro
Portugal,Guarda
Portugal,Leiria
Portugal,Lisboa
Portugal,Portalegre
Portugal,Porto
Portugal,Regiao Autonoma da Madeira
Portugal,Regiao Autonoma dos Acores
Portugal,Santarem
Portugal,Setubal
Portugal,Viana do Castelo
Portugal,Vila Real
Portugal,Viseu
Portugal,Evora
Puerto Rico,
Qatar,Ad Dawhah
Qatar,Al Khawr wa adh Dhakhirah
Qatar,Al Wakrah
Qatar,Ar Rayyan
Qatar,Ash Shamal
Qatar,Az Zaayin
Qatar,Umm Salal
Romania,Alba
Romania,Arad
Romania,Arges
Romania,Bacau
Romania,Bihor
Romania,Bistrita-Nasaud
Romania,Botosani
Romania,Brasov
Romania,Braila
Romania,Bucuresti
Romania,Buzau
Romania,Caras-Severin
Romania,Cluj
Romania,Constanta
Romania,Covasna
Romania,Calarasi
Romania,Dolj
Romania,Dambovita
Romania,Galati
Romania,Giurgiu
Romania,Gorj
Romania,Harghita
Romania,Hunedoara
Romania,Ialomita
Romania,Iasi
Romania,Ilfov
Romania,Maramures
Romania,Mehedinti
Romania,Mures
Romania,Neamt
Romania,Olt
Romania,Prahova
Romania,Satu Mare
Romania,Sibiu
Romania,Suceava
Romania,Salaj
Romania,Teleorman
Romania,Timis
Romania,Tulcea
Romania,Vaslui
Romania,Vrancea
Romania,Valcea
Russian Federation,"Adygeya, Respublika"
Russian Federation,"Altay, Respublika"
Russian Federation,Altayskiy kray
Russian Federation,Amurskaya oblast
Russian Federation,Arkhangel'skaya oblast
Russian Federation,Astrakhanskaya oblast
Russian Federation,"Bashkortostan, Respublika"
Russian Federation,Belgorodskaya oblast
Russian Federation,Bryanskaya oblast
Russian Federation,"Buryatiya, Respublika"
Russian Federation,Chechenskaya Respublika
Russian Federation,Chelyabinskaya oblast
Russian Federation,Chukotskiy avtonomnyy okrug
Russian Federation,Chuvashskaya Respublika
Russian Federation,"Dagestan, Respublika"
Russian Federation,Irkutiskaya oblast
Russian Federation,Ivanovskaya oblast
Russian Federation,Kabardino-Balkarskaya Respublika
Russian Federation,Kaliningradskaya oblast
Russian Federation,"Kalmykiya, Respublika"
Russian Federation,Kaluzhskaya oblast
Russian Federation,Kamchatskiy kray
Russian Federation,Karachayevo-Cherkesskaya Respublika
Russian Federation,"Kareliya, Respublika"
Russian Federation,Kemerovskaya oblast
Russian Federation,Khabarovskiy kray
Russian Federation,"Khakasiya, Respublika"
Russian Federation,Khanty-Mansiysky avtonomnyy okrug-Yugra
Russian Federation,Kirovskaya oblast
Russian Federation,"Komi, Respublika"
Russian Federation,Kostromskaya oblast
Russian Federation,Krasnodarskiy kray
Russian Federation,Krasnoyarskiy kray
Russian Federation,Kurganskaya oblast
Russian Federation,Kurskaya oblast
Russian Federation,Leningradskaya oblast
Russian Federation,Lipetskaya oblast
Russian Federation,Magadanskaya oblast
Russian Federation,"Mariy El, Respublika"
Russian Federation,"Mordoviya, Respublika"
Russian Federation,Moskovskaya oblast
Russian Federation,Moskva
Russian Federation,Murmanskaya oblast
Russian Federation,Nenetskiy avtonomnyy okrug
Russian Federation,Nizhegorodskaya oblast
Russian Federation,Novgorodskaya oblast
Russian Federation,Novosibirskaya oblast
Russian Federation,Omskaya oblast
Russian Federation,Orenburgskaya oblast
Russian Federation,Orlovskaya oblast
Russian Federation,Penzenskaya oblast
Russian Federation,Permskiy kray
Russian Federation,Primorskiy kray
Russian Federation,Pskovskaya oblast
Russian Federation,Respublika Ingushetiya
Russian Federation,Rostovskaya oblast
Russian Federation,Ryazanskaya oblast
Russian Federation,"Sakha, Respublika [Yakutiya]"
Russian Federation,Sakhalinskaya oblast
Russian Federation,Samaraskaya oblast
Russian Federation,Sankt-Peterburg
Russian Federation,Saratovskaya oblast
Russian Federation,"Severnaya Osetiya-Alaniya, Respublika"
Russian Federation,Smolenskaya oblast
Russian Federation,Stavropol'skiy kray
Russian Federation,Sverdlovskaya oblast
Russian Federation,Tambovskaya oblast
Russian Federation,"Tatarstan, Respublika"
Russian Federation,Tomskaya oblast
Russian Federation,Tul'skaya oblast
Russian Federation,Tverskaya oblast
Russian Federation,Tyumenskaya oblast
Russian Federation,"Tyva, Respublika [Tuva]"
Russian Federation,Udmurtskaya Respublika
Russian Federation,Ul'yanovskaya oblast
Russian Federation,Vladimirskaya oblast
Russian Federation,Volgogradskaya oblast
Russian Federation,Vologodskaya oblast
Russian Federation,Voronezhskaya oblast
Russian Federation,Yamalo-Nenetskiy avtonomnyy okrug
Russian Federation,Yaroslavskaya oblast
Russian Federation,Yevreyskaya avtonomnaya oblast
Russian Federation,Zabajkal'skij kraj
Rwanda,Est
Rwanda,Nord
Rwanda,Ouest
Rwanda,Sud
Rwanda,Ville de Kigali
Reunion,
Saint Barthelemy,
"Saint Helena, Ascension and Tristan da Cunha",Ascension
"Saint Helena, Ascension and Tristan da Cunha",Saint Helena
"Saint Helena, Ascension and Tristan da Cunha",Tristan da Cunha
Saint Kitts and Nevis,Christ Church Nichola Town
Saint Kitts and Nevis,Nevis
Saint Kitts and Nevis,Saint Anne Sandy Point
Saint Kitts and Nevis,Saint George Basseterre
Saint Kitts and Nevis,Saint George Gingerland
Saint Kitts and Nevis,Saint James Windward
Saint Kitts and Nevis,Saint John Capisterre
Saint Kitts and Nevis,Saint John Figtree
Saint Kitts and Nevis,Saint Kitts
Saint Kitts and Nevis,Saint Mary Cayon
Saint Kitts and Nevis,Saint Paul Capisterre
Saint Kitts and Nevis,Saint Paul Charlestown
Saint Kitts and Nevis,Saint Peter Basseterre
Saint Kitts and Nevis,Saint Thomas Lowland
Saint Kitts and Nevis,Saint Thomas Middle Island
Saint Kitts and Nevis,Trinity Palmetto Point
Saint Lucia,
Saint Martin (French part),
Saint Pierre and Miquelon,
Saint Vincent and the Grenadines,Charlotte
Saint Vincent and the Grenadines,Grenadines
Saint Vincent and the Grenadines,Saint Andrew
Saint Vincent and the Grenadines,Saint David
Saint Vincent and the Grenadines,Saint George
Saint Vincent and the Grenadines,Saint Patrick
Samoa,A'ana
Samoa,Aiga-i-le-Tai
Samoa,Atua
Samoa,Fa'asaleleaga
Samoa,Gaga'emauga
Samoa,Gagaifomauga
Samoa,Palauli
Samoa,Satupa'itea
Samoa,Tuamasaga
Samoa,Va'a-o-Fonoti
Samoa,Vaisigano
San Marino,Acquaviva
San Marino,Borgo Maggiore
San Marino,Chiesanuova
San Marino,Domagnano
San Marino,Faetano
San Marino,Fiorentino
San Marino,Montegiardino
San Marino,San Marino
San Marino,Serravalle
Sao Tome and Principe,Principe
Sao Tome and Principe,Sao Tome
Saudi Arabia,Al Bahah
Saudi Arabia,Al Jawf
Saudi Arabia,Al Madinah
Saudi Arabia,Al Qasim
Saudi Arabia,Al Hudud ash Shamaliyah
Saudi Arabia,Ar Riyad
Saudi Arabia,Ash Sharqiyah
Saudi Arabia,Jizan
Saudi Arabia,Makkah
Saudi Arabia,Najran
Saudi Arabia,Tabuk
Saudi Arabia,`Asir
Saudi Arabia,Ha'il
Senegal,Dakar
Senegal,Diourbel
Senegal,Fatick
Senegal,Kaffrine
Senegal,Kaolack
Senegal,Kolda
Senegal,Kedougou
Senegal,Louga
Senegal,Matam
Senegal,Saint-Louis
Senegal,Sedhiou
Senegal,Tambacounda
Senegal,Thies
Senegal,Ziguinchor
Serbia,Beograd
Serbia,Borski okrug
Serbia,Branicevski okrug
Serbia,Jablanicki okrug
Serbia,Juznobanatski okrug
Serbia,Juznobacki okrug
Serbia,Kolubarski okrug
Serbia,Kosovo-Metohija
Serbia,Kosovski okrug
Serbia,Kosovsko-Mitrovacki okrug
Serbia,Kosovsko-Pomoravski okrug
Serbia,Macvanski okrug
Serbia,Moravicki okrug
Serbia,Nisavski okrug
Serbia,Pecki okrug
Serbia,Pirotski okrug
Serbia,Podunavski okrug
Serbia,Pomoravski okrug
Serbia,Prizrenski okrug
Serbia,Pcinjski okrug
Serbia,Rasinski okrug
Serbia,Raski okrug
Serbia,Severnobanatski okrug
Serbia,Severnobacki okrug
Serbia,Srednjebanatski okrug
Serbia,Sremski okrug
Serbia,Toplicki okrug
Serbia,Vojvodina
Serbia,Zajecarski okrug
Serbia,Zapadnobacki okrug
Serbia,Zlatiborski okrug
Serbia,Sumadijski okrug
Seychelles,Anse Boileau
Seychelles,Anse Etoile
Seychelles,Anse Louis
Seychelles,Anse Royale
Seychelles,Anse aux Pins
Seychelles,Baie Lazare
Seychelles,Baie Sainte Anne
Seychelles,Beau Vallon
Seychelles,Bel Air
Seychelles,Bel Ombre
Seychelles,Cascade
Seychelles,English River
Seychelles,Glacis
Seychelles,Grand Anse Mahe
Seychelles,Grand Anse Praslin
Seychelles,La Digue
Seychelles,Les Mamelles
Seychelles,Mont Buxton
Seychelles,Mont Fleuri
Seychelles,Plaisance
Seychelles,Pointe Larue
Seychelles,Port Glaud
Seychelles,Roche Caiman
Seychelles,Saint Louis
Seychelles,Takamaka
Sierra Leone,Eastern
Sierra Leone,Northern
Sierra Leone,Southern (Sierra Leone)
Sierra Leone,Western Area (Freetown)
Singapore,Central Singapore
Singapore,North East
Singapore,North West
Singapore,South East
Singapore,South West
Sint Maarten (Dutch part),
Slovakia,Banskobystricky kraj
Slovakia,Bratislavsky kraj
Slovakia,Kosicky kraj
Slovakia,Nitriansky kraj
Slovakia,Presovsky kraj
Slovakia,Trenciansky kraj
Slovakia,Trnavsky kraj
Slovakia,Zilinsky kraj
Slovenia,Ajdovscina
Slovenia,Apace
Slovenia,Beltinci
Slovenia,Benedikt
Slovenia,Bistrica ob Sotli
Slovenia,Bled
Slovenia,Bloke
Slovenia,Bohinj
Slovenia,Borovnica
Slovenia,Bovec
Slovenia,Braslovce
Slovenia,Brda
Slovenia,Brezovica
Slovenia,Brezice
Slovenia,Cankova
Slovenia,Celje
Slovenia,Cerklje na Gorenjskem
Slovenia,Cerknica
Slovenia,Cerkno
Slovenia,Cerkvenjak
Slovenia,Cirkulane
Slovenia,Destrnik
Slovenia,Divaca
Slovenia,Dobje
Slovenia,Dobrepolje
Slovenia,Dobrna
Slovenia,Dobrova-Polhov Gradec
Slovenia,Dobrovnik/Dobronak
Slovenia,Dol pri Ljubljani
Slovenia,Dolenjske Toplice
Slovenia,Domzale
Slovenia,Dornava
Slovenia,Dravograd
Slovenia,Duplek
Slovenia,Gorenja vas-Poljane
Slovenia,Gorisnica
Slovenia,Gorje
Slovenia,Gornja Radgona
Slovenia,Gornji Grad
Slovenia,Gornji Petrovci
Slovenia,Grad
Slovenia,Grosuplje
Slovenia,Hajdina
Slovenia,Hodos/Hodos
Slovenia,Horjul
Slovenia,Hoce-Slivnica
Slovenia,Hrastnik
Slovenia,Hrpelje-Kozina
Slovenia,Idrija
Slovenia,Ig
Slovenia,Ilirska Bistrica
Slovenia,Ivancna Gorica
Slovenia,Izola/Isola
Slovenia,Jesenice
Slovenia,Jezersko
Slovenia,Jursinci
Slovenia,Kamnik
Slovenia,Kanal
Slovenia,Kidricevo
Slovenia,Kobarid
Slovenia,Kobilje
Slovenia,Komen
Slovenia,Komenda
Slovenia,Koper/Capodistria
Slovenia,Kosanjevica na Krki
Slovenia,Kostel
Slovenia,Kozje
Slovenia,Kocevje
Slovenia,Kranj
Slovenia,Kranjska Gora
Slovenia,Krizevci
Slovenia,Krsko
Slovenia,Kungota
Slovenia,Kuzma
Slovenia,Lasko
Slovenia,Lenart
Slovenia,Lendava/Lendva
Slovenia,Litija
Slovenia,Ljubljana
Slovenia,Ljubno
Slovenia,Ljutomer
Slovenia,Log-Dragomer
Slovenia,Logatec
Slovenia,Lovrenc na Pohorju
Slovenia,Loska dolina
Slovenia,Loski Potok
Slovenia,Lukovica
Slovenia,Luce
Slovenia,Majsperk
Slovenia,Makole
Slovenia,Maribor
Slovenia,Markovci
Slovenia,Medvode
Slovenia,Menges
Slovenia,Metlika
Slovenia,Mezica
Slovenia,Miklavz na Dravskem polju
Slovenia,Miren-Kostanjevica
Slovenia,Mirna Pec
Slovenia,Mislinja
Slovenia,Mokronog-Trebelno
Slovenia,Moravske Toplice
Slovenia,Moravce
Slovenia,Mozirje
Slovenia,Murska Sobota
Slovenia,Muta
Slovenia,Naklo
Slovenia,Nazarje
Slovenia,Nova Gorica
Slovenia,Novo mesto
Slovenia,Odranci
Slovenia,Oplotnica
Slovenia,Ormoz
Slovenia,Osilnica
Slovenia,Pesnica
Slovenia,Piran/Pirano
Slovenia,Pivka
Slovenia,Podlehnik
Slovenia,Podvelka
Slovenia,Podcetrtek
Slovenia,Poljcane
Slovenia,Polzela
Slovenia,Postojna
Slovenia,Prebold
Slovenia,Preddvor
Slovenia,Prevalje
Slovenia,Ptuj
Slovenia,Puconci
Slovenia,Radenci
Slovenia,Radece
Slovenia,Radlje ob Dravi
Slovenia,Radovljica
Slovenia,Ravne na Koroskem
Slovenia,Razkrizje
Slovenia,Race-Fram
Slovenia,Rence-Vogrsko
Slovenia,Recica ob Savinji
Slovenia,Ribnica
Slovenia,Ribnica na Pohorju
Slovenia,Rogatec
Slovenia,Rogaska Slatina
Slovenia,Rogasovci
Slovenia,Ruse
Slovenia,Selnica ob Dravi
Slovenia,Semic
Slovenia,Sevnica
Slovenia,Sezana
Slovenia,Slovenj Gradec
Slovenia,Slovenska Bistrica
Slovenia,Slovenske Konjice
Slovenia,Sodrazica
Slovenia,Solcava
Slovenia,Sredisce ob Dravi
Slovenia,Starce
Slovenia,Straza
Slovenia,Sveta Ana
Slovenia,Sveta Andraz v Slovenskih Goricah
Slovenia,Sveta Trojica v Slovenskih Goricah
Slovenia,Sveti Jurij
Slovenia,Sveti Jurij v Slovenskih Goricah
Slovenia,Sveti Tomaz
Slovenia,Tabor
Slovenia,Tisina
Slovenia,Tolmin
Slovenia,Trbovlje
Slovenia,Trebnje
Slovenia,Trnovska vas
Slovenia,Trzin
Slovenia,Trzic
Slovenia,Turnisce
Slovenia,Velenje
Slovenia,Velika Polana
Slovenia,Velike Lasce
Slovenia,Verzej
Slovenia,Videm
Slovenia,Vipava
Slovenia,Vitanje
Slovenia,Vodice
Slovenia,Vojnik
Slovenia,Vransko
Slovenia,Vrhnika
Slovenia,Vuzenica
Slovenia,Zagorje ob Savi
Slovenia,Zavrc
Slovenia,Zrece
Slovenia,Crensovci
Slovenia,Crna na Koroskem
Slovenia,Crnomelj
Slovenia,Salovci
Slovenia,Sempeter-Vrtojba
Slovenia,Sentilj
Slovenia,Sentjernej
Slovenia,Sentjur
Slovenia,Sentrupert
Slovenia,Sencur
Slovenia,Skocjan
Slovenia,Skofja Loka
Slovenia,Skofljica
Slovenia,Smarje pri Jelsah
Slovenia,Smarjeske Toplice
Slovenia,Smartno ob Paki
Slovenia,Smartno pri Litiji
Slovenia,Sostanj
Slovenia,Store
Slovenia,Zalec
Slovenia,Zelezniki
Slovenia,Zetale
Slovenia,Ziri
Slovenia,Zirovnica
Slovenia,Zuzemberk
Solomon Islands,Capital Territory (Honiara)
Solomon Islands,Central
Solomon Islands,Choiseul
Solomon Islands,Guadalcanal
Solomon Islands,Isabel
Solomon Islands,Makira
Solomon Islands,Malaita
Solomon Islands,Rennell and Bellona
Solomon Islands,Temotu
Solomon Islands,Western
Somalia,Awdal
Somalia,Bakool
Somalia,Banaadir
Somalia,Bari
Somalia,Bay
Somalia,Galguduud
Somalia,Gedo
Somalia,Hiirsan
Somalia,Jubbada Dhexe
Somalia,Jubbada Hoose
Somalia,Mudug
Somalia,Nugaal
Somalia,Saneag
Somalia,Shabeellaha Dhexe
Somalia,Shabeellaha Hoose
Somalia,Sool
Somalia,Togdheer
Somalia,Woqooyi Galbeed
South Africa,Eastern Cape
South Africa,Free State
South Africa,Gauteng
South Africa,Kwazulu-Natal
South Africa,Limpopo
South Africa,Mpumalanga
South Africa,North-West (South Africa)
South Africa,Northern Cape
South Africa,Western Cape
South Georgia and the South Sandwich Islands,
South Sudan,Central Equatoria
South Sudan,Eastern Equatoria
South Sudan,Jonglei
South Sudan,Lakes
South Sudan,Northern Bahr el Ghazal
South Sudan,Unity
South Sudan,Upper Nile
South Sudan,Warrap
South Sudan,Western Bahr el Ghazal
South Sudan,Western Equatoria
Spain,A Coruna
Spain,Albacete
Spain,Alicante
Spain,Almeria
Spain,Andalucia
Spain,Aragon
Spain,Asturias
Spain,"Asturias, Principado de"
Spain,Badajoz
Spain,Balears
Spain,Barcelona
Spain,Bizkaia
Spain,Burgos
Spain,Canarias
Spain,Cantabria
Spain,Cantabria
Spain,Castellon
Spain,Castilla y Leon
Spain,Castilla-La Mancha
Spain,Catalunya
Spain,Ceuta
Spain,Ciudad Real
Spain,Cuenca
Spain,Caceres
Spain,Cadiz
Spain,Cordoba
Spain,Extremadura
Spain,Galicia
Spain,Gipuzkoa
Spain,Girona
Spain,Granada
Spain,Guadalajara
Spain,Huelva
Spain,Huesca
Spain,Illes Balears
Spain,Jaen
Spain,La Rioja
Spain,La Rioja
Spain,Las Palmas
Spain,Leon
Spain,Lleida
Spain,Lugo
Spain,Madrid
Spain,"Madrid, Comunidad de"
Spain,Melilla
Spain,Murcia
Spain,"Murcia, Region de"
Spain,Malaga
Spain,Navarra / Nafarroa
Spain,"Navarra, Comunidad Foral de / Nafarroako Foru Komunitatea"
Spain,Ourense
Spain,Palencia
Spain,Pais Vasco / Euskal Herria
Spain,Pontevedra
Spain,Salamanca
Spain,Santa Cruz de Tenerife
Spain,Segovia
Spain,Sevilla
Spain,Soria
Spain,Tarragona
Spain,Teruel
Spain,Toledo
Spain,Valencia / Valencia
Spain,"Valenciana, Comunidad / Valenciana, Comunitat"
Spain,Valladolid
Spain,Zamora
Spain,Zaragoza
Spain,Alava
Spain,Avila
Sri Lanka,Ampaara
Sri Lanka,Anuradhapura
Sri Lanka,Badulla
Sri Lanka,Basnahira palata
Sri Lanka,Dakunu palata
Sri Lanka,Gampaha
Sri Lanka,Galla
Sri Lanka,Hambantota
Sri Lanka,Kalutara
Sri Lanka,Kilinochchi
Sri Lanka,Kurungala
Sri Lanka,Kgalla
Sri Lanka,Kolamba
Sri Lanka,Madhyama palata
Sri Lanka,Mahanuvara
Sri Lanka,Mannarama
Sri Lanka,Madakalapuva
Sri Lanka,Mulativ
Sri Lanka,Matale
Sri Lanka,Matara
Sri Lanka,Monaragala
Sri Lanka,Nuvara Eliya
Sri Lanka,Ngenahira palata
Sri Lanka,Puttalama
Sri Lanka,Polonnaruva
Sri Lanka,Ratnapura
Sri Lanka,Sabaragamuva palata
Sri Lanka,Trikunamalaya
Sri Lanka,Uturu palata
Sri Lanka,Uturumda palata
Sri Lanka,Vavuniyava
Sri Lanka,Vayamba palata
Sri Lanka,Yapanaya
Sri Lanka,Uva palata
Sudan,Al Bahr al Ahmar
Sudan,Al Jazirah
Sudan,Al Khartum
Sudan,Al Qadarif
Sudan,An Nil
Sudan,An Nil al Abyad
Sudan,An Nil al Azraq
Sudan,Ash Shamaliyah
Sudan,Gharb Darfur
Sudan,Janub Darfur
Sudan,Janub Kurdufan
Sudan,Kassala
Sudan,Shamal Darfur
Sudan,Shamal Kurdufan
Sudan,Sharq Darfur
Sudan,Sinnar
Sudan,Zalingei
Suriname,Brokopondo
Suriname,Commewijne
Suriname,Coronie
Suriname,Marowijne
Suriname,Nickerie
Suriname,Para
Suriname,Paramaribo
Suriname,Saramacca
Suriname,Sipaliwini
Suriname,Wanica
Svalbard and Jan Mayen,
Sweden,Blekinge lan
Sweden,Dalarnas lan
Sweden,Gotlands lan
Sweden,Gavleborgs lan
Sweden,Hallands lan
Sweden,Jamtlands lan
Sweden,Jonkopings lan
Sweden,Kalmar lan
Sweden,Kronobergs lan
Sweden,Norrbottens lan
Sweden,Skane lan
Sweden,Stockholms lan
Sweden,Sodermanlands lan
Sweden,Uppsala lan
Sweden,Varmlands lan
Sweden,Vasterbottens lan
Sweden,Vasternorrlands lan
Sweden,Vastmanlands lan
Sweden,Vastra Gotalands lan
Sweden,Orebro lan
Sweden,Ostergotlands lan
Switzerland,Aargau
Switzerland,Appenzell Ausserrhoden
Switzerland,Appenzell Innerrhoden
Switzerland,Basel-Landschaft
Switzerland,Basel-Stadt
Switzerland,Bern
Switzerland,Fribourg
Switzerland,Geneve
Switzerland,Glarus
Switzerland,Graubunden
Switzerland,Jura
Switzerland,Luzern
Switzerland,Neuchatel
Switzerland,Nidwalden
Switzerland,Obwalden
Switzerland,Sankt Gallen
Switzerland,Schaffhausen
Switzerland,Schwyz
Switzerland,Solothurn
Switzerland,Thurgau
Switzerland,Ticino
Switzerland,Uri
Switzerland,Valais
Switzerland,Vaud
Switzerland,Zug
Switzerland,Zurich
Syrian Arab Republic,Al Hasakah
Syrian Arab Republic,Al Ladhiqiyah
Syrian Arab Republic,Al Qunaytirah
Syrian Arab Republic,Ar Raqqah
Syrian Arab Republic,As Suwayda
Syrian Arab Republic,Dar'a
Syrian Arab Republic,Dayr az Zawr
Syrian Arab Republic,Dimashq
Syrian Arab Republic,Halab
Syrian Arab Republic,Hamah
Syrian Arab Republic,Homs
Syrian Arab Republic,Idlib
Syrian Arab Republic,Rif Dimashq
Syrian Arab Republic,Tartus
"Taiwan, Province of China",Changhua
"Taiwan, Province of China",Chiay City
"Taiwan, Province of China",Chiayi
"Taiwan, Province of China",Hsinchu
"Taiwan, Province of China",Hsinchui City
"Taiwan, Province of China",Hualien
"Taiwan, Province of China",Ilan
"Taiwan, Province of China",Kaohsiung
"Taiwan, Province of China",Kaohsiung City
"Taiwan, Province of China",Keelung City
"Taiwan, Province of China",Miaoli
"Taiwan, Province of China",Nantou
"Taiwan, Province of China",Penghu
"Taiwan, Province of China",Pingtung
"Taiwan, Province of China",Taichung
"Taiwan, Province of China",Taichung City
"Taiwan, Province of China",Tainan
"Taiwan, Province of China",Tainan City
"Taiwan, Province of China",Taipei
"Taiwan, Province of China",Taipei City
"Taiwan, Province of China",Taitung
"Taiwan, Province of China",Taoyuan
"Taiwan, Province of China",Yunlin
Tajikistan,Gorno-Badakhshan
Tajikistan,Khatlon
Tajikistan,Sughd
"Tanzania, United Republic of",Arusha
"Tanzania, United Republic of",Dar-es-Salaam
"Tanzania, United Republic of",Dodoma
"Tanzania, United Republic of",Iringa
"Tanzania, United Republic of",Kagera
"Tanzania, United Republic of",Kaskazini Pemba
"Tanzania, United Republic of",Kaskazini Unguja
"Tanzania, United Republic of",Kigoma
"Tanzania, United Republic of",Kilimanjaro
"Tanzania, United Republic of",Kusini Pemba
"Tanzania, United Republic of",Kusini Unguja
"Tanzania, United Republic of",Lindi
"Tanzania, United Republic of",Manyara
"Tanzania, United Republic of",Mara
"Tanzania, United Republic of",Mbeya
"Tanzania, United Republic of",Mjini Magharibi
"Tanzania, United Republic of",Morogoro
"Tanzania, United Republic of",Mtwara
"Tanzania, United Republic of",Mwanza
"Tanzania, United Republic of",Pwani
"Tanzania, United Republic of",Rukwa
"Tanzania, United Republic of",Ruvuma
"Tanzania, United Republic of",Shinyanga
"Tanzania, United Republic of",Singida
"Tanzania, United Republic of",Tabora
"Tanzania, United Republic of",Tanga
Thailand,Amnat Charoen
Thailand,Ang Thong
Thailand,Buri Ram
Thailand,Chachoengsao
Thailand,Chai Nat
Thailand,Chaiyaphum
Thailand,Chanthaburi
Thailand,Chiang Mai
Thailand,Chiang Rai
Thailand,Chon Buri
Thailand,Chumphon
Thailand,Kalasin
Thailand,Kamphaeng Phet
Thailand,Kanchanaburi
Thailand,Khon Kaen
Thailand,Krabi
Thailand,Krung Thep Maha Nakhon Bangkok
Thailand,Lampang
Thailand,Lamphun
Thailand,Loei
Thailand,Lop Buri
Thailand,Mae Hong Son
Thailand,Maha Sarakham
Thailand,Mukdahan
Thailand,Nakhon Nayok
Thailand,Nakhon Pathom
Thailand,Nakhon Phanom
Thailand,Nakhon Ratchasima
Thailand,Nakhon Sawan
Thailand,Nakhon Si Thammarat
Thailand,Nan
Thailand,Narathiwat
Thailand,Nong Bua Lam Phu
Thailand,Nong Khai
Thailand,Nonthaburi
Thailand,Pathum Thani
Thailand,Pattani
Thailand,Phangnga
Thailand,Phatthalung
Thailand,Phatthaya
Thailand,Phayao
Thailand,Phetchabun
Thailand,Phetchaburi
Thailand,Phichit
Thailand,Phitsanulok
Thailand,Phra Nakhon Si Ayutthaya
Thailand,Phrae
Thailand,Phuket
Thailand,Prachin Buri
Thailand,Prachuap Khiri Khan
Thailand,Ranong
Thailand,Ratchaburi
Thailand,Rayong
Thailand,Roi Et
Thailand,Sa Kaeo
Thailand,Sakon Nakhon
Thailand,Samut Prakan
Thailand,Samut Sakhon
Thailand,Samut Songkhram
Thailand,Saraburi
Thailand,Satun
Thailand,Si Sa Ket
Thailand,Sing Buri
Thailand,Songkhla
Thailand,Sukhothai
Thailand,Suphan Buri
Thailand,Surat Thani
Thailand,Surin
Thailand,Tak
Thailand,Trang
Thailand,Trat
Thailand,Ubon Ratchathani
Thailand,Udon Thani
Thailand,Uthai Thani
Thailand,Uttaradit
Thailand,Yala
Thailand,Yasothon
Timor-Leste,Aileu
Timor-Leste,Ainaro
Timor-Leste,Baucau
Timor-Leste,Bobonaro
Timor-Leste,Cova Lima
Timor-Leste,Dili
Timor-Leste,Ermera
Timor-Leste,Lautem
Timor-Leste,Liquica
Timor-Leste,Manatuto
Timor-Leste,Manufahi
Timor-Leste,Oecussi
Timor-Leste,Viqueque
Togo,Region Maritime
Togo,Region de la Kara
Togo,Region des Plateaux
Togo,Region des Savannes
Togo,Region du Centre
Tokelau,
Tonga,Eua
Tonga,Ha'apai
Tonga,Niuas
Tonga,Tongatapu
Tonga,Vava'u
Trinidad and Tobago,Arima
Trinidad and Tobago,Chaguanas
Trinidad and Tobago,Couva-Tabaquite-Talparo
Trinidad and Tobago,Diego Martin
Trinidad and Tobago,Eastern Tobago
Trinidad and Tobago,Penal-Debe
Trinidad and Tobago,Point Fortin
Trinidad and Tobago,Port of Spain
Trinidad and Tobago,Princes Town
Trinidad and Tobago,Rio Claro-Mayaro
Trinidad and Tobago,San Fernando
Trinidad and Tobago,San Juan-Laventille
Trinidad and Tobago,Sangre Grande
Trinidad and Tobago,Siparia
Trinidad and Tobago,Tunapuna-Piarco
Trinidad and Tobago,Western Tobago
Tunisia,Ariana
Tunisia,Ben Arous
Tunisia,Bizerte
Tunisia,Beja
Tunisia,Gabes
Tunisia,Gafsa
Tunisia,Jendouba
Tunisia,Kairouan
Tunisia,Kasserine
Tunisia,Kebili
Tunisia,La Manouba
Tunisia,Le Kef
Tunisia,Mahdia
Tunisia,Medenine
Tunisia,Monastir
Tunisia,Nabeul
Tunisia,Sfax
Tunisia,Sidi Bouzid
Tunisia,Siliana
Tunisia,Sousse
Tunisia,Tataouine
Tunisia,Tozeur
Tunisia,Tunis
Tunisia,Zaghouan
Turkey,Adana
Turkey,Adyaman
Turkey,Afyonkarahisar
Turkey,Aksaray
Turkey,Amasya
Turkey,Ankara
Turkey,Antalya
Turkey,Ardahan
Turkey,Artvin
Turkey,Aydn
Turkey,Agr
Turkey,Balkesir
Turkey,Bartn
Turkey,Batman
Turkey,Bayburt
Turkey,Bilecik
Turkey,Bingol
Turkey,Bitlis
Turkey,Bolu
Turkey,Burdur
Turkey,Bursa
Turkey,Denizli
Turkey,Diyarbakr
Turkey,Duzce
Turkey,Edirne
Turkey,Elazg
Turkey,Erzincan
Turkey,Erzurum
Turkey,Eskisehir
Turkey,Gaziantep
Turkey,Giresun
Turkey,Gumushane
Turkey,Hakkari
Turkey,Hatay
Turkey,Isparta
Turkey,Igdr
Turkey,Kahramanmaras
Turkey,Karabuk
Turkey,Karaman
Turkey,Kars
Turkey,Kastamonu
Turkey,Kayseri
Turkey,Kilis
Turkey,Kocaeli
Turkey,Konya
Turkey,Kutahya
Turkey,Krklareli
Turkey,Krkkale
Turkey,Krsehir
Turkey,Malatya
Turkey,Manisa
Turkey,Mardin
Turkey,Mersin
Turkey,Mugla
Turkey,Mus
Turkey,Nevsehir
Turkey,Nigde
Turkey,Ordu
Turkey,Osmaniye
Turkey,Rize
Turkey,Sakarya
Turkey,Samsun
Turkey,Siirt
Turkey,Sinop
Turkey,Sivas
Turkey,Tekirdag
Turkey,Tokat
Turkey,Trabzon
Turkey,Tunceli
Turkey,Usak
Turkey,Van
Turkey,Yalova
Turkey,Yozgat
Turkey,Zonguldak
Turkey,Canakkale
Turkey,Cankr
Turkey,Corum
Turkey,Istanbul
Turkey,Izmir
Turkey,Sanlurfa
Turkey,Srnak
Turkmenistan,Ahal
Turkmenistan,Asgabat
Turkmenistan,Balkan
Turkmenistan,Dasoguz
Turkmenistan,Lebap
Turkmenistan,Mary
Turks and Caicos Islands,
Tuvalu,Funafuti
Tuvalu,Nanumanga
Tuvalu,Nanumea
Tuvalu,Niutao
Tuvalu,Nui
Tuvalu,Nukufetau
Tuvalu,Nukulaelae
Tuvalu,Vaitupu
Uganda,Abim
Uganda,Adjumani
Uganda,Amolatar
Uganda,Amuria
Uganda,Amuru
Uganda,Apac
Uganda,Arua
Uganda,Budaka
Uganda,Bududa
Uganda,Bugiri
Uganda,Bukedea
Uganda,Bukwa
Uganda,Buliisa
Uganda,Bundibugyo
Uganda,Bushenyi
Uganda,Busia
Uganda,Butaleja
Uganda,Central
Uganda,Dokolo
Uganda,Eastern
Uganda,Gulu
Uganda,Hoima
Uganda,Ibanda
Uganda,Iganga
Uganda,Isingiro
Uganda,Jinja
Uganda,Kaabong
Uganda,Kabale
Uganda,Kabarole
Uganda,Kaberamaido
Uganda,Kalangala
Uganda,Kaliro
Uganda,Kampala
Uganda,Kamuli
Uganda,Kamwenge
Uganda,Kanungu
Uganda,Kapchorwa
Uganda,Kasese
Uganda,Katakwi
Uganda,Kayunga
Uganda,Kibaale
Uganda,Kiboga
Uganda,Kiruhura
Uganda,Kisoro
Uganda,Kitgum
Uganda,Koboko
Uganda,Kotido
Uganda,Kumi
Uganda,Kyenjojo
Uganda,Lira
Uganda,Luwero
Uganda,Lyantonde
Uganda,Manafwa
Uganda,Maracha
Uganda,Masaka
Uganda,Masindi
Uganda,Mayuge
Uganda,Mbale
Uganda,Mbarara
Uganda,Mityana
Uganda,Moroto
Uganda,Moyo
Uganda,Mpigi
Uganda,Mubende
Uganda,Mukono
Uganda,Nakapiripirit
Uganda,Nakaseke
Uganda,Nakasongola
Uganda,Namutumba
Uganda,Nebbi
Uganda,Northern
Uganda,Ntungamo
Uganda,Oyam
Uganda,Pader
Uganda,Pallisa
Uganda,Rakai
Uganda,Rukungiri
Uganda,Sembabule
Uganda,Sironko
Uganda,Soroti
Uganda,Tororo
Uganda,Wakiso
Uganda,Western
Uganda,Yumbe
Ukraine,Cherkas'ka Oblast
Ukraine,Chernihivs'ka Oblast
Ukraine,Chernivets'ka Oblast
Ukraine,Dnipropetrovs'ka Oblast
Ukraine,Donets'ka Oblast
Ukraine,Ivano-Frankivs'ka Oblast
Ukraine,Kharkivs'ka Oblast
Ukraine,Khersons'ka Oblast
Ukraine,Khmel'nyts'ka Oblast
Ukraine,Kirovohrads'ka Oblast
Ukraine,Kyivs'ka Oblast
Ukraine,Kyivs'ka mis'ka rada
Ukraine,L'vivs'ka Oblast
Ukraine,Luhans'ka Oblast
Ukraine,Mykolaivs'ka Oblast
Ukraine,Odes'ka Oblast
Ukraine,Poltavs'ka Oblast
Ukraine,Respublika Krym
Ukraine,Rivnens'ka Oblast
Ukraine,Sevastopol
Ukraine,Sums 'ka Oblast
Ukraine,Ternopil's'ka Oblast
Ukraine,Vinnyts'ka Oblast
Ukraine,Volyns'ka Oblast
Ukraine,Zakarpats'ka Oblast
Ukraine,Zaporiz'ka Oblast
Ukraine,Zhytomyrs'ka Oblast
United Arab Emirates,Ajman
United Arab Emirates,Abu aby [Abu Dhabi]
United Arab Emirates,Al Fujayrah
United Arab Emirates,Ash Shariqah
United Arab Emirates,Dubayy
United Arab Emirates,Ras al Khaymah
United Arab Emirates,Umm al Qaywayn
United Kingdom,Aberdeen City
United Kingdom,Aberdeenshire
United Kingdom,Angus
United Kingdom,Antrim and Newtownabbey
United Kingdom,Ards and North Down
United Kingdom,Argyll and Bute
United Kingdom,"Armagh, Banbridge and Craigavon"
United Kingdom,Barking and Dagenham
United Kingdom,Barnet
United Kingdom,Barnsley
United Kingdom,Bath and North East Somerset
United Kingdom,Bedford
United Kingdom,Belfast
United Kingdom,Bexley
United Kingdom,Birmingham
United Kingdom,Blackburn with Darwen
United Kingdom,Blackpool
United Kingdom,Blaenau Gwent
United Kingdom,Bolton
United Kingdom,Bournemouth
United Kingdom,Bracknell Forest
United Kingdom,Bradford
United Kingdom,Brent
United Kingdom,Bridgend; Pen-y-bont ar Ogwr
United Kingdom,Brighton and Hove
United Kingdom,"Bristol, City of"
United Kingdom,Bromley
United Kingdom,Buckinghamshire
United Kingdom,Bury
United Kingdom,Caerphilly; Caerffili
United Kingdom,Calderdale
United Kingdom,Cambridgeshire
United Kingdom,Camden
United Kingdom,Cardiff; Caerdydd
United Kingdom,Carmarthenshire; Sir Gaerfyrddin
United Kingdom,Causeway Coast and Glens
United Kingdom,Central Bedfordshire
United Kingdom,Ceredigion; Sir Ceredigion
United Kingdom,Cheshire East
United Kingdom,Cheshire West and Chester
United Kingdom,Clackmannanshire
United Kingdom,Conwy
United Kingdom,Cornwall
United Kingdom,Coventry
United Kingdom,Croydon
United Kingdom,Cumbria
United Kingdom,Darlington
United Kingdom,Denbighshire; Sir Ddinbych
United Kingdom,Derby
United Kingdom,Derbyshire
United Kingdom,Derry and Strabane
United Kingdom,Devon
United Kingdom,Doncaster
United Kingdom,Dorset
United Kingdom,Dudley
United Kingdom,Dumfries and Galloway
United Kingdom,Dundee City
United Kingdom,Durham County
United Kingdom,Ealing
United Kingdom,East Ayrshire
United Kingdom,East Dunbartonshire
United Kingdom,East Lothian
United Kingdom,East Renfrewshire
United Kingdom,East Riding of Yorkshire
United Kingdom,East Sussex
United Kingdom,"Edinburgh, City of"
United Kingdom,Eilean Siar
United Kingdom,Enfield
United Kingdom,England
United Kingdom,England and Wales
United Kingdom,Essex
United Kingdom,Falkirk
United Kingdom,Fermanagh and Omagh
United Kingdom,Fife
United Kingdom,Flintshire; Sir y Fflint
United Kingdom,Gateshead
United Kingdom,Glasgow City
United Kingdom,Gloucestershire
United Kingdom,Great Britain
United Kingdom,Greenwich
United Kingdom,Gwynedd
United Kingdom,Hackney
United Kingdom,Halton
United Kingdom,Hammersmith and Fulham
United Kingdom,Hampshire
United Kingdom,Haringey
United Kingdom,Harrow
United Kingdom,Hartlepool
United Kingdom,Havering
United Kingdom,Herefordshire
United Kingdom,Hertfordshire
United Kingdom,Highland
United Kingdom,Hillingdon
United Kingdom,Hounslow
United Kingdom,Inverclyde
United Kingdom,Isle of Anglesey; Sir Ynys Mon
United Kingdom,Isle of Wight
United Kingdom,Isles of Scilly
United Kingdom,Islington
United Kingdom,Kensington and Chelsea
United Kingdom,Kent
United Kingdom,Kingston upon Hull
United Kingdom,Kingston upon Thames
United Kingdom,Kirklees
United Kingdom,Knowsley
United Kingdom,Lambeth
United Kingdom,Lancashire
United Kingdom,Leeds
United Kingdom,Leicester
United Kingdom,Leicestershire
United Kingdom,Lewisham
United Kingdom,Lincolnshire
United Kingdom,Lisburn and Castlereagh
United Kingdom,Liverpool
United Kingdom,"London, City of"
United Kingdom,Luton
United Kingdom,Manchester
United Kingdom,Medway
United Kingdom,Merthyr Tydfil; Merthyr Tudful
United Kingdom,Merton
United Kingdom,Mid Ulster
United Kingdom,Mid and East Antrim
United Kingdom,Middlesbrough
United Kingdom,Midlothian
United Kingdom,Milton Keynes
United Kingdom,Monmouthshire; Sir Fynwy
United Kingdom,Moray
United Kingdom,Neath Port Talbot; Castell-nedd Port Talbot
United Kingdom,Newcastle upon Tyne
United Kingdom,Newham
United Kingdom,Newport; Casnewydd
United Kingdom,"Newry, Mourne and Down"
United Kingdom,Norfolk
United Kingdom,North Ayrshire
United Kingdom,North East Lincolnshire
United Kingdom,North Lanarkshire
United Kingdom,North Lincolnshire
United Kingdom,North Somerset
United Kingdom,North Tyneside
United Kingdom,North Yorkshire
United Kingdom,Northamptonshire
United Kingdom,Northern Ireland
United Kingdom,Northumberland
United Kingdom,Nottingham
United Kingdom,Nottinghamshire
United Kingdom,Oldham
United Kingdom,Orkney Islands
United Kingdom,Oxfordshire
United Kingdom,Pembrokeshire; Sir Benfro
United Kingdom,Perth and Kinross
United Kingdom,Peterborough
United Kingdom,Plymouth
United Kingdom,Poole
United Kingdom,Portsmouth
United Kingdom,Powys
United Kingdom,Reading
United Kingdom,Redbridge
United Kingdom,Redcar and Cleveland
United Kingdom,Renfrewshire
United Kingdom,"Rhondda, Cynon, Taff; Rhondda, Cynon, Taf"
United Kingdom,Richmond upon Thames
United Kingdom,Rochdale
United Kingdom,Rotherham
United Kingdom,Rutland
United Kingdom,Salford
United Kingdom,Sandwell
United Kingdom,Scotland
United Kingdom,"Scottish Borders, The"
United Kingdom,Sefton
United Kingdom,Sheffield
United Kingdom,Shetland Islands
United Kingdom,Shropshire
United Kingdom,Slough
United Kingdom,Solihull
United Kingdom,Somerset
United Kingdom,South Ayrshire
United Kingdom,South Gloucestershire
United Kingdom,South Lanarkshire
United Kingdom,South Tyneside
United Kingdom,Southampton
United Kingdom,Southend-on-Sea
United Kingdom,Southwark
United Kingdom,St. Helens
United Kingdom,Staffordshire
United Kingdom,Stirling
United Kingdom,Stockport
United Kingdom,Stockton-on-Tees
United Kingdom,Stoke-on-Trent
United Kingdom,Suffolk
United Kingdom,Sunderland
United Kingdom,Surrey
United Kingdom,Sutton
United Kingdom,Swansea; Abertawe
United Kingdom,Swindon
United Kingdom,Tameside
United Kingdom,Telford and Wrekin
United Kingdom,Thurrock
United Kingdom,Torbay
United Kingdom,Torfaen; Tor-faen
United Kingdom,Tower Hamlets
United Kingdom,Trafford
United Kingdom,United Kingdom
United Kingdom,"Vale of Glamorgan, The; Bro Morgannwg"
United Kingdom,Wakefield
United Kingdom,Wales; Cymru
United Kingdom,Walsall
United Kingdom,Waltham Forest
United Kingdom,Wandsworth
United Kingdom,Warrington
United Kingdom,Warwickshire
United Kingdom,West Berkshire
United Kingdom,West Dunbartonshire
United Kingdom,West Lothian
United Kingdom,West Sussex
United Kingdom,Westminster
United Kingdom,Wigan
United Kingdom,Wiltshire
United Kingdom,Windsor and Maidenhead
United Kingdom,Wirral
United Kingdom,Wokingham
United Kingdom,Wolverhampton
United Kingdom,Worcestershire
United Kingdom,Wrexham; Wrecsam
United Kingdom,York
United States,Alabama
United States,Alaska
United States,American Samoa
United States,Arizona
United States,Arkansas
United States,California
United States,Colorado
United States,Connecticut
United States,Delaware
United States,District of Columbia
United States,Florida
United States,Georgia
United States,Guam
United States,Hawaii
United States,Idaho
United States,Illinois
United States,Indiana
United States,Iowa
United States,Kansas
United States,Kentucky
United States,Louisiana
United States,Maine
United States,Maryland
United States,Massachusetts
United States,Michigan
United States,Minnesota
United States,Mississippi
United States,Missouri
United States,Montana
United States,Nebraska
United States,Nevada
United States,New Hampshire
United States,New Jersey
United States,New Mexico
United States,New York
United States,North Carolina
United States,North Dakota
United States,Northern Mariana Islands
United States,Ohio
United States,Oklahoma
United States,Oregon
United States,Pennsylvania
United States,Puerto Rico
United States,Rhode Island
United States,South Carolina
United States,South Dakota
United States,Tennessee
United States,Texas
United States,United States Minor Outlying Islands
United States,Utah
United States,Vermont
United States,Virgin Islands
United States,Virginia
United States,Washington
United States,West Virginia
United States,Wisconsin
United States,Wyoming
United States Minor Outlying Islands,Baker Island
United States Minor Outlying Islands,Howland Island
United States Minor Outlying Islands,Jarvis Island
United States Minor Outlying Islands,Johnston Atoll
United States Minor Outlying Islands,Kingman Reef
United States Minor Outlying Islands,Midway Islands
United States Minor Outlying Islands,Navassa Island
United States Minor Outlying Islands,Palmyra Atoll
United States Minor Outlying Islands,Wake Island
Uruguay,Artigas
Uruguay,Canelones
Uruguay,Cerro Largo
Uruguay,Colonia
Uruguay,Durazno
Uruguay,Flores
Uruguay,Florida
Uruguay,Lavalleja
Uruguay,Maldonado
Uruguay,Montevideo
Uruguay,Paysandu
Uruguay,Rivera
Uruguay,Rocha
Uruguay,Rio Negro
Uruguay,Salto
Uruguay,San Jose
Uruguay,Soriano
Uruguay,Tacuarembo
Uruguay,Treinta y Tres
Uzbekistan,Andijon
Uzbekistan,Buxoro
Uzbekistan,Farg'ona
Uzbekistan,Jizzax
Uzbekistan,Namangan
Uzbekistan,Navoiy
Uzbekistan,Qashqadaryo
Uzbekistan,Qoraqalpog'iston Respublikasi
Uzbekistan,Samarqand
Uzbekistan,Sirdaryo
Uzbekistan,Surxondaryo
Uzbekistan,Toshkent
Uzbekistan,Toshkent
Uzbekistan,Xorazm
Vanuatu,Malampa
Vanuatu,Penama
Vanuatu,Sanma
Vanuatu,Shefa
Vanuatu,Tafea
Vanuatu,Torba
"Venezuela, Bolivarian Republic of",Amazonas
"Venezuela, Bolivarian Republic of",Anzoategui
"Venezuela, Bolivarian Republic of",Apure
"Venezuela, Bolivarian Republic of",Aragua
"Venezuela, Bolivarian Republic of",Barinas
"Venezuela, Bolivarian Republic of",Bolivar
"Venezuela, Bolivarian Republic of",Carabobo
"Venezuela, Bolivarian Republic of",Cojedes
"Venezuela, Bolivarian Republic of",Delta Amacuro
"Venezuela, Bolivarian Republic of",Dependencias Federales
"Venezuela, Bolivarian Republic of",Distrito Federal
"Venezuela, Bolivarian Republic of",Falcon
"Venezuela, Bolivarian Republic of",Guarico
"Venezuela, Bolivarian Republic of",Lara
"Venezuela, Bolivarian Republic of",Miranda
"Venezuela, Bolivarian Republic of",Monagas
"Venezuela, Bolivarian Republic of",Merida
"Venezuela, Bolivarian Republic of",Nueva Esparta
"Venezuela, Bolivarian Republic of",Portuguesa
"Venezuela, Bolivarian Republic of",Sucre
"Venezuela, Bolivarian Republic of",Trujillo
"Venezuela, Bolivarian Republic of",Tachira
"Venezuela, Bolivarian Republic of",Vargas
"Venezuela, Bolivarian Republic of",Yaracuy
"Venezuela, Bolivarian Republic of",Zulia
Viet Nam,An Giang
Viet Nam,Ba Ria-Vung Tau
Viet Nam,Binh Duong
Viet Nam,Binh Phuoc
Viet Nam,Binh Thuan
Viet Nam,Binh inh
Viet Nam,Bac Lieu
Viet Nam,Bac Giang
Viet Nam,Bac Kan
Viet Nam,Bac Ninh
Viet Nam,Ben Tre
Viet Nam,Cao Bang
Viet Nam,Ca Mau
Viet Nam,Can Tho
Viet Nam,Gia Lai
Viet Nam,Hoa Binh
Viet Nam,Ha Giang
Viet Nam,Ha Nam
Viet Nam,Ha Noi
Viet Nam,Ha Tay
Viet Nam,Ha Tinh
Viet Nam,Hung Yen
Viet Nam,Hai Duong
Viet Nam,Hai Phong
Viet Nam,Hau Giang
Viet Nam,Ho Chi Minh [Sai Gon]
Viet Nam,Khanh Hoa
Viet Nam,Kien Giang
Viet Nam,Kon Tum
Viet Nam,Lai Chau
Viet Nam,Long An
Viet Nam,Lao Cai
Viet Nam,Lam ong
Viet Nam,Lang Son
Viet Nam,Nam inh
Viet Nam,Nghe An
Viet Nam,Ninh Binh
Viet Nam,Ninh Thuan
Viet Nam,Phu Tho
Viet Nam,Phu Yen
Viet Nam,Quang Binh
Viet Nam,Quang Nam
Viet Nam,Quang Ngai
Viet Nam,Quang Ninh
Viet Nam,Quang Tri
Viet Nam,Soc Trang
Viet Nam,Son La
Viet Nam,Thanh Hoa
Viet Nam,Thai Binh
Viet Nam,Thai Nguyen
Viet Nam,Thua Thien-Hue
Viet Nam,Tien Giang
Viet Nam,Tra Vinh
Viet Nam,Tuyen Quang
Viet Nam,Tay Ninh
Viet Nam,Vinh Long
Viet Nam,Vinh Phuc
Viet Nam,Yen Bai
Viet Nam,ien Bien
Viet Nam,a Nang
Viet Nam,ac Lak
Viet Nam,ak Nong
Viet Nam,ong Nai
Viet Nam,ong Thap
"Virgin Islands, British",
"Virgin Islands, U.S.",
Wallis and Futuna,
Western Sahara,
Yemen,Adan
Yemen,Amran
Yemen,Abyan
Yemen,Ad Dali
Yemen,Al Bayda
Yemen,Al Jawf
Yemen,Al Mahrah
Yemen,Al Mahwit
Yemen,Al Hudaydah
Yemen,Dhamar
Yemen,Ibb
Yemen,Lahij
Yemen,Ma'rib
Yemen,Raymah
Yemen,Shabwah
Yemen,Ta'izz
Yemen,Sa'dah
Yemen,San'a
Yemen,Hajjah
Yemen,Hadramawt
Zambia,Central
Zambia,Copperbelt
Zambia,Eastern
Zambia,Luapula
Zambia,Lusaka
Zambia,North-Western
Zambia,Northern
Zambia,Southern (Zambia)
Zambia,Western
Zimbabwe,Bulawayo
Zimbabwe,Harare
Zimbabwe,Manicaland
Zimbabwe,Mashonaland Central
Zimbabwe,Mashonaland East
Zimbabwe,Mashonaland West
Zimbabwe,Masvingo
Zimbabwe,Matabeleland North
Zimbabwe,Matabeleland South
Zimbabwe,Midlands
Aland Islands,
